version,method,preset,episodes,successes,success_rate,mean_target_distance,mean_ee_object_distance,mean_object_z,mean_contact_count,mean_mean_action_norm,max_action_norm,grasp_successes,out_of_table,stop_reasons,action_alpha,max_arm_delta,max_gripper_delta,steps,command,interpretation
action_head_control_safety_sweep_v1,object_language_action_head_lite_v1,current_slow,2,0,0.0,0.4051688086227511,0.427308081142499,0.12012058059705755,26.0,0.758285271182009,1.6483503580093384,0,1,target object left the table workspace,0.25,0.012,0.0005,2840,"""C:\Users\Administrator\Desktop\final project-robot ic\vla_robot_grasping\.venv\Scripts\python.exe"" ""C:\Users\Administrator\Desktop\final project-robot ic\vla_robot_grasping\scripts\run_object_action_head.py"" --model ""C:\Users\Administrator\Desktop\final project-robot ic\vla_robot_grasping\outputs\object_action_head\object_action_head_lite_20260720_044703.npz"" --task place_blue_cube_blue_pad --complexity medium --seed 0 --episodes 2 --steps 2840 --no-viewer --action-alpha 0.25 --max-arm-delta 0.012 --max-gripper-delta 0.0005 --stop-on-unsafe --log-every 0",该控制档位未形成稳定成功，继续对比更慢档位。
action_head_control_safety_sweep_v1,object_language_action_head_lite_v1,slower,2,0,0.0,0.14990161659207515,0.29007535636828863,0.024892244579783812,27.0,0.7251635630733111,1.5487838983535767,0,0,无,0.15,0.008,0.00035,2840,"""C:\Users\Administrator\Desktop\final project-robot ic\vla_robot_grasping\.venv\Scripts\python.exe"" ""C:\Users\Administrator\Desktop\final project-robot ic\vla_robot_grasping\scripts\run_object_action_head.py"" --model ""C:\Users\Administrator\Desktop\final project-robot ic\vla_robot_grasping\outputs\object_action_head\object_action_head_lite_20260720_044703.npz"" --task place_blue_cube_blue_pad --complexity medium --seed 0 --episodes 2 --steps 2840 --no-viewer --action-alpha 0.15 --max-arm-delta 0.008 --max-gripper-delta 0.00035 --stop-on-unsafe --log-every 0",该控制档位未形成稳定成功，继续对比更慢档位。
action_head_control_safety_sweep_v1,object_language_action_head_lite_v1,very_slow,2,0,0.0,0.14990161659207515,0.17648306702945296,0.024892244579783812,27.0,0.8104225519887158,1.5437911748886108,0,0,无,0.08,0.005,0.0002,2840,"""C:\Users\Administrator\Desktop\final project-robot ic\vla_robot_grasping\.venv\Scripts\python.exe"" ""C:\Users\Administrator\Desktop\final project-robot ic\vla_robot_grasping\scripts\run_object_action_head.py"" --model ""C:\Users\Administrator\Desktop\final project-robot ic\vla_robot_grasping\outputs\object_action_head\object_action_head_lite_20260720_044703.npz"" --task place_blue_cube_blue_pad --complexity medium --seed 0 --episodes 2 --steps 2840 --no-viewer --action-alpha 0.08 --max-arm-delta 0.005 --max-gripper-delta 0.0002 --stop-on-unsafe --log-every 0",极慢控制仍未成功，说明 action-head 失败不能只归因于动作太快。
action_head_control_safety_sweep_v1,adapter_action_head_lite_v1,current_slow,2,0,0.0,0.17712310990653088,0.3757297704629148,0.2909532646554895,25.0,0.765012642328853,1.5511687994003296,0,1,target object left the table workspace,0.25,0.012,0.0005,2840,"""C:\Users\Administrator\Desktop\final project-robot ic\vla_robot_grasping\.venv\Scripts\python.exe"" ""C:\Users\Administrator\Desktop\final project-robot ic\vla_robot_grasping\scripts\run_peft_action_head.py"" --model ""C:\Users\Administrator\Desktop\final project-robot ic\vla_robot_grasping\outputs\peft_action_head\adapter_action_head_lite_20260720_072914.npz"" --task place_blue_cube_blue_pad --complexity medium --seed 0 --episodes 2 --steps 2840 --no-viewer --action-alpha 0.25 --max-arm-delta 0.012 --max-gripper-delta 0.0005 --stop-on-unsafe --log-every 0",该控制档位未形成稳定成功，继续对比更慢档位。
action_head_control_safety_sweep_v1,adapter_action_head_lite_v1,slower,2,0,0.0,0.14990161659207515,0.290198545678928,0.024892244579783812,27.0,0.7127066684230952,1.5465681552886963,0,0,无,0.15,0.008,0.00035,2840,"""C:\Users\Administrator\Desktop\final project-robot ic\vla_robot_grasping\.venv\Scripts\python.exe"" ""C:\Users\Administrator\Desktop\final project-robot ic\vla_robot_grasping\scripts\run_peft_action_head.py"" --model ""C:\Users\Administrator\Desktop\final project-robot ic\vla_robot_grasping\outputs\peft_action_head\adapter_action_head_lite_20260720_072914.npz"" --task place_blue_cube_blue_pad --complexity medium --seed 0 --episodes 2 --steps 2840 --no-viewer --action-alpha 0.15 --max-arm-delta 0.008 --max-gripper-delta 0.00035 --stop-on-unsafe --log-every 0",该控制档位未形成稳定成功，继续对比更慢档位。
action_head_control_safety_sweep_v1,adapter_action_head_lite_v1,very_slow,2,0,0.0,0.14990161659207515,0.16966108275350958,0.024892244579783812,27.0,0.823560972574731,1.5420763492584229,0,0,无,0.08,0.005,0.0002,2840,"""C:\Users\Administrator\Desktop\final project-robot ic\vla_robot_grasping\.venv\Scripts\python.exe"" ""C:\Users\Administrator\Desktop\final project-robot ic\vla_robot_grasping\scripts\run_peft_action_head.py"" --model ""C:\Users\Administrator\Desktop\final project-robot ic\vla_robot_grasping\outputs\peft_action_head\adapter_action_head_lite_20260720_072914.npz"" --task place_blue_cube_blue_pad --complexity medium --seed 0 --episodes 2 --steps 2840 --no-viewer --action-alpha 0.08 --max-arm-delta 0.005 --max-gripper-delta 0.0002 --stop-on-unsafe --log-every 0",极慢控制仍未成功，说明 action-head 失败不能只归因于动作太快。
action_head_control_safety_sweep_v1,lora_action_head_lite_v1,current_slow,2,0,0.0,0.16362703933766495,0.3989520926506358,0.028818058289521588,25.5,0.7314677249941268,1.6645320653915405,0,1,target object left the table workspace,0.25,0.012,0.0005,2840,"""C:\Users\Administrator\Desktop\final project-robot ic\vla_robot_grasping\.venv\Scripts\python.exe"" ""C:\Users\Administrator\Desktop\final project-robot ic\vla_robot_grasping\scripts\run_peft_action_head.py"" --model ""C:\Users\Administrator\Desktop\final project-robot ic\vla_robot_grasping\outputs\peft_action_head\lora_action_head_lite_20260720_072913.npz"" --task place_blue_cube_blue_pad --complexity medium --seed 0 --episodes 2 --steps 2840 --no-viewer --action-alpha 0.25 --max-arm-delta 0.012 --max-gripper-delta 0.0005 --stop-on-unsafe --log-every 0",该控制档位未形成稳定成功，继续对比更慢档位。
action_head_control_safety_sweep_v1,lora_action_head_lite_v1,slower,2,0,0.0,0.14990161659207515,0.2829943537776568,0.024892244579783812,27.0,0.7333611407645151,1.5407475233078003,0,0,无,0.15,0.008,0.00035,2840,"""C:\Users\Administrator\Desktop\final project-robot ic\vla_robot_grasping\.venv\Scripts\python.exe"" ""C:\Users\Administrator\Desktop\final project-robot ic\vla_robot_grasping\scripts\run_peft_action_head.py"" --model ""C:\Users\Administrator\Desktop\final project-robot ic\vla_robot_grasping\outputs\peft_action_head\lora_action_head_lite_20260720_072913.npz"" --task place_blue_cube_blue_pad --complexity medium --seed 0 --episodes 2 --steps 2840 --no-viewer --action-alpha 0.15 --max-arm-delta 0.008 --max-gripper-delta 0.00035 --stop-on-unsafe --log-every 0",该控制档位未形成稳定成功，继续对比更慢档位。
action_head_control_safety_sweep_v1,lora_action_head_lite_v1,very_slow,2,0,0.0,0.14990161659207515,0.18798913169376202,0.024892244579783812,27.0,0.8079170414259735,1.5383201837539673,0,0,无,0.08,0.005,0.0002,2840,"""C:\Users\Administrator\Desktop\final project-robot ic\vla_robot_grasping\.venv\Scripts\python.exe"" ""C:\Users\Administrator\Desktop\final project-robot ic\vla_robot_grasping\scripts\run_peft_action_head.py"" --model ""C:\Users\Administrator\Desktop\final project-robot ic\vla_robot_grasping\outputs\peft_action_head\lora_action_head_lite_20260720_072913.npz"" --task place_blue_cube_blue_pad --complexity medium --seed 0 --episodes 2 --steps 2840 --no-viewer --action-alpha 0.08 --max-arm-delta 0.005 --max-gripper-delta 0.0002 --stop-on-unsafe --log-every 0",极慢控制仍未成功，说明 action-head 失败不能只归因于动作太快。
