顺序,分组,cue_id,标题,媒体类型,媒体文件,建议起点秒,建议终点秒,时长秒,打开命令,备用viewer命令,讲解提示,证据引用,论文红线
1,阶段 claim 播放顺序,C01,任务与数据链路,video,outputs/presentation_clips/01_task_data_oracle.mp4,0.0,10.0,10.0,"Start-Process ""C:\Users\Administrator\Desktop\final project-robot ic\vla_robot_grasping\outputs\presentation_clips\01_task_data_oracle.mp4""",,先证明环境和数据可复现，再说明 expert、structured waypoint 和 replay 不是 learned policy。,docs/evaluation_summary.csv；docs/task_bc_stage_report.md；docs/method_evidence_gate.md,expert、structured waypoint 和 replay 不能写成 learned VLA 或真实机器人验证。
2,阶段 claim 播放顺序,C02,普通 BC 对照,video,outputs/presentation_clips/02_basic_bc_baselines.mp4,0.0,10.0,10.0,"Start-Process ""C:\Users\Administrator\Desktop\final project-robot ic\vla_robot_grasping\outputs\presentation_clips\02_basic_bc_baselines.mp4""",,播放普通 BC 失败和 kNN 轨迹记忆差异，强调简单 BC 对接触、抬升和放置不稳定。,docs/evaluation_summary.csv；docs/task_bc_stage_report.md；docs/failure_mode_taxonomy.md,普通 BC 不能写成语言理解、任务泛化或 VLA 后训练结果。
3,阶段 claim 播放顺序,C03,Trajectory / ACT / Diffusion 对照,video,outputs/presentation_clips/03_trajectory_act_diffusion.mp4,0.0,10.0,10.0,"Start-Process ""C:\Users\Administrator\Desktop\final project-robot ic\vla_robot_grasping\outputs\presentation_clips\03_trajectory_act_diffusion.mp4""",,展示 trajectory-conditioned BC / ACT-style / Diffusion 对照，说明历史观测和动作块接口已建立，但不能写成完整官方 ACT。,docs/trajectory_act_stage_report.md；docs/trajectory_act_stage_report.csv；docs/model_resource_summary.csv,当前是 state-only、pooled visual feature 或小型 CNN 的本地轻量 baseline，不能写成完整官方视觉 ACT 或完整视觉 Diffusion Policy。
4,阶段 claim 播放顺序,C04,Action-head / PEFT proxy,video,outputs/presentation_clips/04_action_head_peft_proxy.mp4,0.0,10.0,10.0,"Start-Process ""C:\Users\Administrator\Desktop\final project-robot ic\vla_robot_grasping\outputs\presentation_clips\04_action_head_peft_proxy.mp4""",,展示 action-head、Adapter、LoRA-style 和 CLIP proxy，强调资源可比但不是真实 pretrained VLA 后训练。,docs/action_head_stage_report.md；docs/action_head_stage_report.csv；docs/model_resource_summary.csv；docs/data_efficiency_summary.csv,Adapter/LoRA-style 是本地 action-head proxy，不是 OpenVLA LoRA；CLIP 不是机器人 VLA；不能写成真实 pretrained VLA 后训练。
5,阶段 claim 播放顺序,C05,语言/空间泛化,video,outputs/presentation_clips/05_language_generalization.mp4,0.0,10.0,10.0,"Start-Process ""C:\Users\Administrator\Desktop\final project-robot ic\vla_robot_grasping\outputs\presentation_clips\05_language_generalization.mp4""",,展示 leftmost-to-bowl 语言/空间任务，强调规则或 frozen feature proxy 不能等同于真实 VLA 语言理解。,docs/language_generalization_summary.csv；docs/video_evidence_index.md；docs/failure_mode_taxonomy.md,规则解析、对象特征、语言 token 或 frozen CLIP action head 不能写成完整 VLM/VLA 语义泛化能力。
6,阶段 claim 播放顺序,C06,数据效率,video,outputs/presentation_clips/02_basic_bc_baselines.mp4,0.0,10.0,10.0,"Start-Process ""C:\Users\Administrator\Desktop\final project-robot ic\vla_robot_grasping\outputs\presentation_clips\02_basic_bc_baselines.mp4""",,图表为主，视频作为普通 BC 和 action-head 小数据行为的辅助定性证据。,docs/data_efficiency_summary.md；docs/data_efficiency_summary.csv；outputs/evaluations/data_efficiency_v2.json；outputs/figures/data_efficiency.svg,不能把 MuJoCo scripted demonstration 的小数据结论直接写成真实机械臂数据效率或真实 VLA 小数据优势。
7,阶段 claim 播放顺序,C07,MuJoCo domain randomization 代理,video,outputs/presentation_clips/06_domain_randomization_proxy.mp4,0.0,10.0,10.0,"Start-Process ""C:\Users\Administrator\Desktop\final project-robot ic\vla_robot_grasping\outputs\presentation_clips\06_domain_randomization_proxy.mp4""",,展示低摩擦和弱夹爪 domain randomization 代理，再打开 Isaac handoff，强调这是 MuJoCo 鲁棒性前置检查和后续 Isaac 回填入口。,docs/domain_randomization_summary.md；docs/domain_randomization_summary.csv；outputs/evaluations/domain_randomization_eval_v1.json；docs/isaac_domain_randomization_handoff.md；outputs/evaluations/isaac_domain_randomization_handoff_v1.json,MuJoCo domain randomization 和 isaac_domain_randomization_handoff_v1 不能写成 Isaac domain randomization 已完成，也不能写成真实 WidowX 迁移成功或失败。
8,阶段 claim 播放顺序,C08,视频展示证据,video,outputs/presentation_clips/00_defense_video_reel.mp4,0.0,70.0,70.0,"Start-Process ""C:\Users\Administrator\Desktop\final project-robot ic\vla_robot_grasping\outputs\presentation_clips\00_defense_video_reel.mp4""",,播放总览 reel 或宫格，说明视频是定性证据，不能替代成功率、距离、资源和泛化表。,docs/video_evidence_index.csv；docs/video_quality_audit.csv；docs/final_artifact_manifest.json,视频只作为定性展示证据，不替代成功率、目标距离、语言泛化、资源规模和 domain randomization 表。
9,阶段 claim 播放顺序,C09,OpenVLA 前置工作,image,data/vla_bridge/openvla_dataset_bridge_v1/preview_grid.png,不适用,不适用,不适用,"Start-Process ""C:\Users\Administrator\Desktop\final project-robot ic\vla_robot_grasping\data\vla_bridge\openvla_dataset_bridge_v1\preview_grid.png""",,打开 OpenVLA bridge 预览图、gallery、handoff 门禁、remote run pack 和 result intake，强调数据桥接、远端运行契约、运行包和回填门禁都不是策略训练结果。,docs/openvla_dataset_bridge_report.md；outputs/evaluations/openvla_dataset_bridge_v1.json；docs/openvla_feasibility_report.md；docs/robot_vla_action_head_handoff.md；outputs/evaluations/robot_vla_action_head_handoff_v1.json；docs/robot_vla_remote_run_pack.md；outputs/evaluations/robot_vla_remote_run_pack_v1.json；docs/robot_vla_remote_result_intake.md；outputs/evaluations/robot_vla_remote_result_intake_v1.json,不能写成 OpenVLA LoRA、RT-2、robot_vla_action_head_lite_v1、Isaac 或真实 WidowX 验证已经完成。
10,阶段 claim 播放顺序,C10,方法与阶段统一追踪,video,outputs/presentation_clips/00_defense_video_reel.mp4,0.0,70.0,70.0,"Start-Process ""C:\Users\Administrator\Desktop\final project-robot ic\vla_robot_grasping\outputs\presentation_clips\00_defense_video_reel.mp4""",,播放总览 reel，展示方法、阶段、研究问题和 claim 的整体证据链，再打开真实 WidowX handoff 说明后续 trial 模板。,docs/method_evidence_gate.csv；docs/stage_reproduction_runbook.csv；docs/research_question_showcase_plan.csv；docs/final_artifact_manifest.json；docs/external_dependency_readiness_audit.md；docs/external_dependency_readiness_audit.csv；docs/real_widowx_validation_handoff.md；outputs/evaluations/real_widowx_validation_handoff_v1.json；outputs/real_robot/real_widowx_validation_v1_trial_template.csv,当前完成的是 MuJoCo 实验包；external_dependency_readiness_audit_v1 不是策略成功率结果；真实 OpenVLA、Isaac 和真实 WidowX trial 仍必须作为后续阶段单独登记、评测和保存视频，handoff 不能写成真实验证结果。
11,Core V2 OOD 对照播放顺序,core_v2_ood_hard_distractors_success_v1,7 物体干扰下的空间关系严格成功,video,outputs/videos/clip_semantic_ood_hard_leftmost_cube_seed1300.mp4,0.0,11.9,11.9,"Start-Process ""C:\Users\Administrator\Desktop\final project-robot ic\vla_robot_grasping\outputs\videos\clip_semantic_ood_hard_leftmost_cube_seed1300.mp4","$env:VLA_TORCH_PACKAGE_DIR=""D:\vla_torch_cuda_pkgs""
& ""C:\Users\Administrator\Desktop\final project-robot ic\vla_robot_grasping\.venv\Scripts\python.exe"" ""C:\Users\Administrator\Desktop\final project-robot ic\vla_robot_grasping\scripts\run_clip_semantic_waypoint.py"" --model ""C:\Users\Administrator\Desktop\final project-robot ic\vla_robot_grasping\outputs\clip_semantic_waypoint\clip_semantic_waypoint_core_v2_v1_20260721_110325.npz"" --task move_leftmost_cube_to_bowl --complexity hard --seed 1300 --episodes 1 --viewer --duration 45 --speed 0.25 --workspace-profile core_v2 --image-size 224 --camera top_rgb --arm-kp 150 --arm-force 100 --gripper-kp 1200 --gripper-force 200 --friction 5 --place-tcp-z 0.041",展示红蓝绿黄方块、圆柱和绿球同时出现时，策略仍按最左方块关系选择绿色方块并严格抓放入碗；对应 hard 干扰统计为 20/20。,docs/core_v2_clip_semantic_ood_generalization.md；docs/core_v2_clip_semantic_ood_generalization.csv；outputs/evaluations/core_v2_clip_semantic_ood_generalization_v1.json,该成功来自冻结 CLIP 意图 adapter 与 scripted waypoint expert 的分层结构，不能写成端到端 VLA、OpenVLA 或 LoRA 控制成功。
12,Core V2 OOD 对照播放顺序,core_v2_ood_paraphrase_failure_v1,未见同义表达的真实语义误判,video,outputs/videos/clip_semantic_ood_paraphrase_blue_to_red_seed700.mp4,0.0,11.9,11.9,"Start-Process ""C:\Users\Administrator\Desktop\final project-robot ic\vla_robot_grasping\outputs\videos\clip_semantic_ood_paraphrase_blue_to_red_seed700.mp4","$env:VLA_TORCH_PACKAGE_DIR=""D:\vla_torch_cuda_pkgs""
& ""C:\Users\Administrator\Desktop\final project-robot ic\vla_robot_grasping\.venv\Scripts\python.exe"" ""C:\Users\Administrator\Desktop\final project-robot ic\vla_robot_grasping\scripts\run_clip_semantic_waypoint.py"" --model ""C:\Users\Administrator\Desktop\final project-robot ic\vla_robot_grasping\outputs\clip_semantic_waypoint\clip_semantic_waypoint_core_v2_v1_20260721_110325.npz"" --task place_blue_cube_red_pad --instruction ""put the azure block on the red disk"" --complexity medium --seed 700 --episodes 1 --viewer --duration 45 --speed 0.25 --workspace-profile core_v2 --image-size 224 --camera top_rgb --arm-kp 150 --arm-force 100 --gripper-kp 1200 --gripper-force 200 --friction 5 --place-tcp-z 0.041",展示指令 put the azure block on the red disk 被误判为红方块到红盘；蓝到红的未见改写总计仅 8/15，不隐藏语言泛化失败。,docs/core_v2_clip_semantic_ood_generalization.md；docs/core_v2_clip_semantic_ood_generalization.csv；outputs/evaluations/core_v2_clip_semantic_ood_generalization_v1.json,该失败说明当前四类 CLIP 意图 adapter 对词汇替换不稳健，不能宣传为通用自然语言理解或端到端 VLA 泛化。
13,Kaggle 远程补充实验,kaggle_clip_semantic_adapter_core_v2_v1,Kaggle 冻结 CLIP 瓶颈适配器的 hard 空间任务闭环,video,outputs/videos/kaggle_clip_semantic_adapter_core_v2_v1_hard_leftmost_seed1900.mp4,0.0,11.9,11.9,"Start-Process ""C:\Users\Administrator\Desktop\final project-robot ic\vla_robot_grasping\outputs\videos\kaggle_clip_semantic_adapter_core_v2_v1_hard_leftmost_seed1900.mp4""","$env:VLA_TORCH_PACKAGE_DIR=""D:\vla_torch_cuda_pkgs""
& ""C:\Users\Administrator\Desktop\final project-robot ic\vla_robot_grasping\.venv\Scripts\python.exe"" ""C:\Users\Administrator\Desktop\final project-robot ic\vla_robot_grasping\scripts\run_clip_semantic_waypoint.py"" --model ""C:\Users\Administrator\Desktop\final project-robot ic\vla_robot_grasping\outputs\clip_semantic_waypoint\kaggle_clip_semantic_adapter_core_v2_v1_kernel_v3.npz"" --task move_leftmost_cube_to_bowl --complexity hard --seed 1900 --episodes 1 --viewer --duration 60 --speed 0.05 --workspace-profile core_v2 --camera top_rgb --arm-kp 150 --arm-force 100 --gripper-kp 1200 --gripper-force 200 --friction 5 --place-tcp-z 0.041",说明 Kaggle 只训练 1024->16->4 语义适配器，MuJoCo 由结构化 waypoint executor 执行。远程训练使用 79 条示范、63/16 分层训练验证，验证意图准确率 100%；本机同协议四任务 20/20 严格闭环成功。本次 Kaggle P100 与预装 PyTorch 不兼容，脚本实际 CPU fallback，不能说成 GPU 加速。,docs/kaggle_clip_semantic_adapter_core_v2_v1_report.md；outputs/evaluations/kaggle_clip_semantic_adapter_core_v2_v1.json；outputs/kaggle_remote/kaggle_clip_semantic_adapter_core_v2_v1_kernel_v3/kaggle_clip_semantic_adapter_core_v2_v1_metrics.json,这是冻结 VLM 的高层语义决策后训练加结构化执行，不是端到端动作 VLA，不是 OpenVLA LoRA，也没有完成真实机械臂验证。
14,Kaggle 远程补充实验,kaggle_clip_semantic_adapter_core_v2_ood_v1,Kaggle 冻结 CLIP 适配器的未见颜色同义词误判,video,outputs/videos/kaggle_clip_semantic_adapter_core_v2_ood_paraphrase_blue_to_red_seed700.mp4,0.0,11.9,11.9,"Start-Process ""C:\Users\Administrator\Desktop\final project-robot ic\vla_robot_grasping\outputs\videos\kaggle_clip_semantic_adapter_core_v2_ood_paraphrase_blue_to_red_seed700.mp4","$env:VLA_TORCH_PACKAGE_DIR=""D:\vla_torch_cuda_pkgs""
& ""C:\Users\Administrator\Desktop\final project-robot ic\vla_robot_grasping\.venv\Scripts\python.exe"" ""C:\Users\Administrator\Desktop\final project-robot ic\vla_robot_grasping\scripts\run_clip_semantic_waypoint.py"" --model ""C:\Users\Administrator\Desktop\final project-robot ic\vla_robot_grasping\outputs\clip_semantic_waypoint\kaggle_clip_semantic_adapter_core_v2_v1_kernel_v3.npz"" --task place_blue_cube_red_pad --instruction ""put the azure block on the red disk"" --complexity medium --seed 700 --episodes 1 --viewer --duration 45 --speed 0.25 --workspace-profile core_v2 --camera top_rgb --arm-kp 150 --arm-force 100 --gripper-kp 1200 --gripper-force 200 --friction 5 --place-tcp-z 0.041",先给出完整量化结果：未见英文改写 48/60、hard 多物体干扰 19/20。再播放这一条负例：指令要求 azure 蓝方块到红盘，模型却选择 red cube 到红盘。抓取动作发生不等于任务成功，必须同时报告 semantic_correct=False 和 task_success=False。,docs/kaggle_clip_semantic_adapter_core_v2_v1_report.md；docs/kaggle_clip_semantic_adapter_core_v2_ood_v1_report.md；outputs/evaluations/kaggle_clip_semantic_adapter_core_v2_ood_v1.json,这是冻结 VLM 高层语义分类的失败证据，不是连续动作策略失败，也不能据此声称端到端 VLA、OpenVLA LoRA 或真实机械臂能力。
15,候选诊断负例播放顺序,candidate_diagnostic_montage_v1,候选诊断总览短片,video,outputs/presentation_clips/07_candidate_diagnostics.mp4,0.0,10.0,10.0,"Start-Process ""C:\Users\Administrator\Desktop\final project-robot ic\vla_robot_grasping\outputs\presentation_clips\07_candidate_diagnostics.mp4""",,先用 10 秒总览 22 个候选诊断视频，再按需要展开单个候选；重点说明目标距离成功、TCP 抬升和严格抓取成功必须分开报告。,docs/candidate_diagnostic_video_index.csv；docs/strict_grasp_success_audit.csv；docs/video_presentation_storyboard.md,候选诊断总览只用于解释失败模式和局部现象，不能写成完整 ACT、在线 RL、真实 VLA 后训练或真实 WidowX 成功。
16,候选诊断负例播放顺序,trajectory_phase_template_bc_v1_candidate,显式 phase 模板 / trajectory-conditioned BC 候选,video,outputs/videos/trajectory_phase_template_bc_v1_candidate_seed1.mp4,0.0,9.9,9.9,"Start-Process ""C:\Users\Administrator\Desktop\final project-robot ic\vla_robot_grasping\outputs\videos\trajectory_phase_template_bc_v1_candidate_seed1.mp4""","& ""C:\Users\Administrator\Desktop\final project-robot ic\vla_robot_grasping\.venv\Scripts\python.exe"" ""C:\Users\Administrator\Desktop\final project-robot ic\vla_robot_grasping\scripts\run_trajectory_phase_template_policy.py"" --model ""C:\Users\Administrator\Desktop\final project-robot ic\vla_robot_grasping\outputs\trajectory_phase_template_bc\trajectory_phase_template_bc_20260720_160007.npz"" --task place_blue_cube_blue_pad --complexity medium --seed 1 --episodes 1 --steps 2840 --viewer --duration 60 --speed 0.05 --arm-kp 150 --arm-force 100 --gripper-kp 800 --gripper-force 140 --friction 3.0 --action-alpha 0.35 --max-arm-delta 0.018 --max-gripper-delta 0.0008 --stop-on-unsafe --log-every 500",该 seed 的放置指标成功，但 grasp_success=False、物体高度未抬升，说明它更像模板碰撞/推放，不是可靠抓取策略。,docs/trajectory_phase_template_bc_report.md；outputs/videos/trajectory_phase_template_bc_v1_candidate_seed1.json,只能作为 ACT/trajectory-conditioned 路线负例，不能写成可靠 ACT baseline。
17,候选诊断负例播放顺序,grasp_gated_trajectory_conditioned_chunk_bc_v1_candidate,抓取门控 trajectory-conditioned chunk BC 候选,video,outputs/videos/grasp_gated_trajectory_conditioned_chunk_bc_v1_candidate_seed0.mp4,0.0,9.9,9.9,"Start-Process ""C:\Users\Administrator\Desktop\final project-robot ic\vla_robot_grasping\outputs\videos\grasp_gated_trajectory_conditioned_chunk_bc_v1_candidate_seed0.mp4""","& ""C:\Users\Administrator\Desktop\final project-robot ic\vla_robot_grasping\.venv\Scripts\python.exe"" ""C:\Users\Administrator\Desktop\final project-robot ic\vla_robot_grasping\scripts\run_chunk_policy.py"" --model ""C:\Users\Administrator\Desktop\final project-robot ic\vla_robot_grasping\outputs\chunk_bc\trajectory_chunk_bc_20260720_043500.npz"" --task place_blue_cube_blue_pad --complexity medium --seed 0 --episodes 1 --steps 2840 --viewer --duration 60 --speed 0.05 --grasp-gate --close-phase 0.22 --release-phase 0.78 --near-threshold 0.11 --release-distance 0.095 --open-gripper 0.037 --close-gripper 0.015 --action-alpha 0.12 --max-arm-delta 0.006 --max-gripper-delta 0.00025 --replan-interval 1 --temporal-ensemble --ensemble-decay 0.1 --gripper-kp 900.0 --gripper-force 180.0 --friction 3.0 --stop-on-unsafe --log-every 500",该 seed 的放置指标成功，但 grasp_success=False、ever_grasp_success=False；慢速动作和夹爪门控仍没有形成真实抓取/抬升。,docs/grasp_gated_trajectory_act_report.md；outputs/videos/grasp_gated_trajectory_conditioned_chunk_bc_v1_candidate_seed0.json,只能作为 trajectory-conditioned chunk BC 控制层诊断负例，不能写成已稳定抓取。
18,候选诊断负例播放顺序,trajectory_prior_residual_bc_v1_candidate,分阶段轨迹先验 + residual BC action head 候选,video,outputs/videos/trajectory_prior_residual_bc_v1_candidate_seed0.mp4,0.0,9.9,9.9,"Start-Process ""C:\Users\Administrator\Desktop\final project-robot ic\vla_robot_grasping\outputs\videos\trajectory_prior_residual_bc_v1_candidate_seed0.mp4""","& ""C:\Users\Administrator\Desktop\final project-robot ic\vla_robot_grasping\.venv\Scripts\python.exe"" ""C:\Users\Administrator\Desktop\final project-robot ic\vla_robot_grasping\scripts\run_trajectory_prior_residual_policy.py"" --model ""C:\Users\Administrator\Desktop\final project-robot ic\vla_robot_grasping\outputs\trajectory_prior_residual_bc\trajectory_prior_residual_bc_v1_candidate_20260721_040050.npz"" --task place_blue_cube_blue_pad --complexity medium --seed 0 --episodes 1 --steps 2840 --viewer --duration 60 --speed 0.05 --residual-scale 0.25 --action-alpha 1.0 --max-arm-delta 0.02 --max-gripper-delta 0.0008 --gripper-kp 900 --gripper-force 180 --friction 3.0 --log-every 500",该 seed 放置成功且 tcp_grasp_lift_success=True，但 grasp_success=False、strict_grasp_lift_success=False；说明结构化接触阶段先验改善闭环放置和 TCP 抬升，但仍不能写成严格抓取成功。,docs/trajectory_prior_residual_bc_report.md；outputs/videos/trajectory_prior_residual_bc_v1_candidate_seed0.json,只能作为 trajectory-conditioned BC / ACT 路线的结构化先验诊断候选，不能写成纯 BC、完整官方 ACT、OpenVLA/OFT 或真实 WidowX 结果。
19,候选诊断负例播放顺序,timing_aware_trajectory_prior_residual_bc_v1_candidate,时序感知分阶段轨迹先验 + residual BC action head 候选,video,outputs/videos/timing_aware_trajectory_prior_residual_bc_v1_candidate_seed0.mp4,0.0,12.2,12.2,"Start-Process ""C:\Users\Administrator\Desktop\final project-robot ic\vla_robot_grasping\outputs\videos\timing_aware_trajectory_prior_residual_bc_v1_candidate_seed0.mp4""","& ""C:\Users\Administrator\Desktop\final project-robot ic\vla_robot_grasping\.venv\Scripts\python.exe"" ""C:\Users\Administrator\Desktop\final project-robot ic\vla_robot_grasping\scripts\run_timing_aware_trajectory_prior_residual_policy.py"" --model ""C:\Users\Administrator\Desktop\final project-robot ic\vla_robot_grasping\outputs\timing_aware_trajectory_prior_residual_bc\timing_aware_trajectory_prior_residual_bc_v1_candidate_20260721_070442.npz"" --task place_blue_cube_blue_pad --complexity medium --seed 0 --episodes 1 --steps 3500 --viewer --duration 90 --speed 0.05 --residual-scale 0.02 --action-alpha 1.0 --max-arm-delta 0.02 --max-gripper-delta 0.0008 --gripper-kp 900 --gripper-force 180 --friction 3.0 --log-every 500",最终参数 residual-scale=0.02 下 seed0 放置成功且 tcp_grasp_lift_success=True，但 grasp_success=False、strict_grasp_lift_success=False；5+5 评测显示 train-range 5/5、held-out 4/5，说明强时序先验和很小 residual 可恢复放置与 TCP 抬升，但严格抓取仍未解决。,docs/timing_aware_trajectory_prior_residual_bc_report.md；outputs/videos/timing_aware_trajectory_prior_residual_bc_v1_candidate_seed0.json,只能作为 trajectory-conditioned BC / ACT 路线的时序先验诊断候选，不能写成完整官方 ACT、OpenVLA/OFT、稳定严格抓取或真实 WidowX 结果。
20,候选诊断负例播放顺序,preference_trajectory_post_training_v1_candidate,偏好加权 trajectory-kNN 后训练候选,video,outputs/videos/preference_trajectory_post_training_v1_candidate_seed0.mp4,0.0,9.9,9.9,"Start-Process ""C:\Users\Administrator\Desktop\final project-robot ic\vla_robot_grasping\outputs\videos\preference_trajectory_post_training_v1_candidate_seed0.mp4""","& ""C:\Users\Administrator\Desktop\final project-robot ic\vla_robot_grasping\.venv\Scripts\python.exe"" ""C:\Users\Administrator\Desktop\final project-robot ic\vla_robot_grasping\scripts\run_preference_trajectory_post_training_policy.py"" --model ""C:\Users\Administrator\Desktop\final project-robot ic\vla_robot_grasping\outputs\preference_post_training\preference_trajectory_post_training_20260720_165005.npz"" --task place_blue_cube_blue_pad --complexity medium --seed 0 --episodes 1 --steps 2840 --viewer --duration 60 --speed 0.05 --k 3 --phase-window 0.03 --min-candidates 256 --history-decay 0.25 --preference-power 1.0 --arm-kp 150 --arm-force 100 --gripper-kp 800 --gripper-force 140 --friction 3.0 --action-alpha 0.25 --max-arm-delta 0.012 --max-gripper-delta 0.0005 --replan-interval 1 --temporal-ensemble --ensemble-decay 0.1 --stop-on-unsafe --log-every 500",该 seed 的放置指标成功，但 grasp_success=False；偏好权重改善了训练范围目标距离，却没有形成真实抓取/抬升。,docs/preference_trajectory_post_training_report.md；outputs/videos/preference_trajectory_post_training_v1_candidate_seed0.json,只能作为 trajectory-level preference/reward-weighted 后训练负例，不能写成在线 RL 或真实偏好优化成功。
21,候选诊断负例播放顺序,preference_trajectory_post_training_v1_ranked_objective_candidate,episode-ranked preference trajectory-kNN dense objective 候选,video,outputs/videos/preference_trajectory_post_training_v1_ranked_objective_candidate_seed0.mp4,0.0,9.9,9.9,"Start-Process ""C:\Users\Administrator\Desktop\final project-robot ic\vla_robot_grasping\outputs\videos\preference_trajectory_post_training_v1_ranked_objective_candidate_seed0.mp4""","& ""C:\Users\Administrator\Desktop\final project-robot ic\vla_robot_grasping\.venv\Scripts\python.exe"" ""C:\Users\Administrator\Desktop\final project-robot ic\vla_robot_grasping\scripts\run_preference_trajectory_post_training_policy.py"" --model ""C:\Users\Administrator\Desktop\final project-robot ic\vla_robot_grasping\outputs\preference_post_training\preference_trajectory_post_training_v1_ranked_objective_candidate_20260721_073626.npz"" --task place_blue_cube_blue_pad --complexity medium --seed 0 --episodes 1 --steps 2840 --viewer --duration 60 --speed 0.05 --k 3 --phase-window 0.03 --min-candidates 256 --history-decay 0.25 --preference-power 1.0 --action-alpha 0.85 --max-arm-delta 0.04 --max-gripper-delta 0.0015 --replan-interval 1 --temporal-ensemble --ensemble-decay 0.1 --stop-on-unsafe --log-every 500",sample-stride=8 的 ranked objective 让 train-range 放置达到 4/5，但 held-out 0/5；固定 seed0 视频 success=False、tcp_grasp_lift_success=False、grasp_success=False，说明它仍没有解决真实抓取或泛化。,docs/preference_trajectory_post_training_v1_ranked_objective_summary.md；outputs/videos/preference_trajectory_post_training_v1_ranked_objective_candidate_seed0.json,只能写成离线 trajectory-level ranking/preference weighting 负例，不能升级为正式 preference_trajectory_post_training_v1、在线 RL、真实偏好优化或 VLA 后训练。
22,候选诊断负例播放顺序,preference_trajectory_post_training_v1_ranked_fast_candidate,episode-ranked preference trajectory-kNN 快速后训练候选,video,outputs/videos/preference_trajectory_post_training_v1_ranked_fast_candidate_seed0.mp4,0.0,9.9,9.9,"Start-Process ""C:\Users\Administrator\Desktop\final project-robot ic\vla_robot_grasping\outputs\videos\preference_trajectory_post_training_v1_ranked_fast_candidate_seed0.mp4""","& ""C:\Users\Administrator\Desktop\final project-robot ic\vla_robot_grasping\.venv\Scripts\python.exe"" ""C:\Users\Administrator\Desktop\final project-robot ic\vla_robot_grasping\scripts\run_preference_trajectory_post_training_policy.py"" --model ""C:\Users\Administrator\Desktop\final project-robot ic\vla_robot_grasping\outputs\preference_post_training\preference_trajectory_post_training_v1_ranked_fast_candidate_20260721_075041.npz"" --task place_blue_cube_blue_pad --complexity medium --seed 0 --episodes 1 --steps 2840 --viewer --duration 60 --speed 0.05 --k 3 --phase-window 0.03 --min-candidates 256 --history-decay 0.25 --preference-power 1.0 --action-alpha 0.85 --max-arm-delta 0.04 --max-gripper-delta 0.0015 --replan-interval 1 --temporal-ensemble --ensemble-decay 0.1 --stop-on-unsafe --log-every 500",ranked preference objective 的来源更清楚，train-range 放置 2/5、held-out 0/5；seed0 有放置和 TCP 抬升轨迹，但 grasp_success=False、strict_grasp_lift_success=False。,docs/preference_trajectory_post_training_v1_ranked_fast_summary.md；outputs/videos/preference_trajectory_post_training_v1_ranked_fast_candidate_seed0.json,只能写成离线 trajectory-level ranking/preference weighting 负例，不能升级为正式 preference_trajectory_post_training_v1、在线 RL、真实偏好优化或 VLA 后训练。
23,候选诊断负例播放顺序,preference_trajectory_post_training_v1_tcp_lift_rank_candidate,TCP 抬升排序偏好 trajectory-kNN 后训练候选,video,outputs/videos/preference_trajectory_post_training_v1_tcp_lift_rank_candidate_seed0.mp4,0.0,9.9,9.9,"Start-Process ""C:\Users\Administrator\Desktop\final project-robot ic\vla_robot_grasping\outputs\videos\preference_trajectory_post_training_v1_tcp_lift_rank_candidate_seed0.mp4""","& ""C:\Users\Administrator\Desktop\final project-robot ic\vla_robot_grasping\.venv\Scripts\python.exe"" ""C:\Users\Administrator\Desktop\final project-robot ic\vla_robot_grasping\scripts\run_preference_trajectory_post_training_policy.py"" --model ""C:\Users\Administrator\Desktop\final project-robot ic\vla_robot_grasping\outputs\preference_post_training\preference_trajectory_post_training_v1_tcp_lift_rank_candidate_20260721_090438.npz"" --task place_blue_cube_blue_pad --complexity medium --seed 0 --episodes 1 --steps 2840 --viewer --duration 60 --speed 0.05 --k 3 --phase-window 0.03 --min-candidates 256 --history-decay 0.25 --preference-power 1.0 --action-alpha 0.85 --max-arm-delta 0.04 --max-gripper-delta 0.0015 --replan-interval 1 --temporal-ensemble --ensemble-decay 0.1 --stop-on-unsafe --log-every 500",tcp-lift preference objective 让 train-range 放置 5/5 且 TCP 抬升 5/5；但 grasp_success=False、strict_grasp_lift_success=False，held-out 只有 1/5 放置且 TCP 抬升 0/5。,docs/preference_trajectory_post_training_v1_tcp_lift_rank_report.md；outputs/videos/preference_trajectory_post_training_v1_tcp_lift_rank_candidate_seed0.json,只能写成离线 placed/tcp-lift ranking preference weighting 负例，不能升级为正式 preference_trajectory_post_training_v1、在线 RL、真实偏好优化或 VLA 后训练。
24,候选诊断负例播放顺序,grasp_gated_torch_act_state_chunk_v1_candidate,抓取门控 Torch ACT state chunk 候选,video,outputs/videos/grasp_gated_torch_act_state_chunk_v1_candidate_seed0.mp4,0.0,9.9,9.9,"Start-Process ""C:\Users\Administrator\Desktop\final project-robot ic\vla_robot_grasping\outputs\videos\grasp_gated_torch_act_state_chunk_v1_candidate_seed0.mp4""","$env:VLA_TORCH_PACKAGE_DIR=""D:\vla_torch_cuda_pkgs""
& ""C:\Users\Administrator\Desktop\final project-robot ic\vla_robot_grasping\.venv\Scripts\python.exe"" ""C:\Users\Administrator\Desktop\final project-robot ic\vla_robot_grasping\scripts\run_torch_act_policy.py"" --model ""C:\Users\Administrator\Desktop\final project-robot ic\vla_robot_grasping\outputs\torch_act\torch_act_state_chunk_20260720_055409.pt"" --task place_blue_cube_blue_pad --complexity medium --seed 0 --episodes 1 --steps 2840 --viewer --duration 60 --speed 0.05 --grasp-gate --close-phase 0.22 --release-phase 0.78 --near-threshold 0.11 --release-distance 0.095 --open-gripper 0.037 --close-gripper 0.015 --action-alpha 0.12 --max-arm-delta 0.006 --max-gripper-delta 0.00025 --replan-interval 4 --temporal-ensemble --ensemble-decay 0.1 --gripper-kp 900.0 --gripper-force 180.0 --friction 3.0 --stop-on-unsafe --log-every 500",该 seed 放置失败，且 grasp_success=False、ever_grasp_success=False；保守门控没有解决 ACT 接触保持和抬升失败。,docs/grasp_gated_trajectory_act_report.md；outputs/videos/grasp_gated_torch_act_state_chunk_v1_candidate_seed0.json,只能作为 Torch ACT 控制层诊断负例，不能写成 ACT 已稳定抓取。
25,候选诊断负例播放顺序,phase_weighted_torch_act_v1_candidate,阶段加权 Torch ACT 候选,video,outputs/videos/phase_weighted_torch_act_v1_candidate_seed0.mp4,0.0,9.9,9.9,"Start-Process ""C:\Users\Administrator\Desktop\final project-robot ic\vla_robot_grasping\outputs\videos\phase_weighted_torch_act_v1_candidate_seed0.mp4""","$env:VLA_TORCH_PACKAGE_DIR=""D:\vla_torch_cuda_pkgs""
& ""C:\Users\Administrator\Desktop\final project-robot ic\vla_robot_grasping\.venv\Scripts\python.exe"" ""C:\Users\Administrator\Desktop\final project-robot ic\vla_robot_grasping\scripts\run_torch_act_policy.py"" --model ""C:\Users\Administrator\Desktop\final project-robot ic\vla_robot_grasping\outputs\torch_act\phase_weighted_torch_act_v1_candidate_20260720_225108.pt"" --task place_blue_cube_blue_pad --complexity medium --seed 0 --episodes 1 --steps 2840 --viewer --duration 60 --speed 0.02 --action-alpha 0.25 --max-arm-delta 0.012 --max-gripper-delta 0.0005 --replan-interval 4 --temporal-ensemble --ensemble-decay 0.1 --stop-on-unsafe --log-every 500",该 seed 放置失败，grasp_success=False、ever_grasp_success=False；阶段加权降低离线误差，但没有形成稳定接触、夹紧和抬升。,docs/phase_weighted_torch_act_report.md；outputs/videos/phase_weighted_torch_act_v1_candidate_seed0.json,只能作为阶段加权 ACT 训练诊断负例，不能写成完整 ACT 或稳定抓取成功。
26,候选诊断负例播放顺序,contact_phase_gated_torch_act_v1_candidate,接触/阶段门控 Torch ACT 候选,video,outputs/videos/contact_phase_gated_torch_act_v1_candidate_seed0.mp4,0.0,9.9,9.9,"Start-Process ""C:\Users\Administrator\Desktop\final project-robot ic\vla_robot_grasping\outputs\videos\contact_phase_gated_torch_act_v1_candidate_seed0.mp4""","& ""C:\Users\Administrator\Desktop\final project-robot ic\vla_robot_grasping\.venv\Scripts\python.exe"" ""C:\Users\Administrator\Desktop\final project-robot ic\vla_robot_grasping\scripts\run_torch_act_policy.py"" --model ""C:\Users\Administrator\Desktop\final project-robot ic\vla_robot_grasping\outputs\torch_act\contact_phase_gated_torch_act_v1_candidate_20260721_003304.pt"" --task place_blue_cube_blue_pad --complexity medium --seed 0 --episodes 1 --steps 2840 --viewer --duration 60 --speed 0.05 --grasp-gate --action-alpha 0.12 --max-arm-delta 0.006 --max-gripper-delta 0.00025 --replan-interval 4 --temporal-ensemble --ensemble-decay 0.1 --gripper-kp 900 --gripper-force 180 --friction 3.0 --stop-on-unsafe --log-every 500",该 seed 放置失败，tcp_grasp_lift_success=False，strict_grasp_lift_success=False；5+5 评测显示放置 0/10，仅 held-out seed101 出现一次 TCP 抬升诊断，说明 phase-one-hot、grasp/lift 加权和 grasp gate 仍不能稳定解决 ACT 接触保持。,docs/contact_phase_gated_torch_act_report.md；outputs/videos/contact_phase_gated_torch_act_v1_candidate_seed0.json,只能作为 Torch ACT-style 接触/阶段诊断负例，不能写成完整官方 ACT、稳定抓取成功、OpenVLA/OFT 或真实 WidowX 结果。
27,候选诊断负例播放顺序,contact_aware_phase_gated_torch_act_v1_candidate,相对几何 + 阶段门控 Torch ACT 候选,video,outputs/videos/contact_aware_phase_gated_torch_act_v1_candidate_seed0.mp4,0.0,9.9,9.9,"Start-Process ""C:\Users\Administrator\Desktop\final project-robot ic\vla_robot_grasping\outputs\videos\contact_aware_phase_gated_torch_act_v1_candidate_seed0.mp4""","& ""C:\Users\Administrator\Desktop\final project-robot ic\vla_robot_grasping\.venv\Scripts\python.exe"" ""C:\Users\Administrator\Desktop\final project-robot ic\vla_robot_grasping\scripts\run_torch_act_policy.py"" --model ""C:\Users\Administrator\Desktop\final project-robot ic\vla_robot_grasping\outputs\torch_act\contact_aware_phase_gated_torch_act_v1_candidate_20260721_004944.pt"" --task place_blue_cube_blue_pad --complexity medium --seed 0 --episodes 1 --steps 2840 --viewer --duration 60 --speed 0.05 --grasp-gate --action-alpha 0.12 --max-arm-delta 0.006 --max-gripper-delta 0.00025 --replan-interval 4 --temporal-ensemble --ensemble-decay 0.1 --gripper-kp 900 --gripper-force 180 --friction 3.0 --stop-on-unsafe --log-every 500",seed0 放置失败，tcp_grasp_lift_success=False，strict_grasp_lift_success=False；10 次评测为放置 0/10、TCP 抓取抬升 0/10、标准 ever_grasp_success 0/10。相对几何特征降低了离线误差，但没有转化成闭环抓取能力。,docs/contact_aware_phase_gated_torch_act_report.md；outputs/videos/contact_aware_phase_gated_torch_act_v1_candidate_seed0.json,只能写成 trajectory-conditioned / ACT-style 相对几何消融负例，不能写成完整官方 ACT、稳定抓取成功、OpenVLA/OFT 或真实 WidowX 结果。
28,候选诊断负例播放顺序,grasp_lift_subpolicy_probe_v1_candidate,scripted expert / IK 抓取抬升上界诊断,video,outputs/videos/grasp_lift_subpolicy_probe_v1_candidate_seed0.mp4,0.0,9.9,9.9,"Start-Process ""C:\Users\Administrator\Desktop\final project-robot ic\vla_robot_grasping\outputs\videos\grasp_lift_subpolicy_probe_v1_candidate_seed0.mp4""","& ""C:\Users\Administrator\Desktop\final project-robot ic\vla_robot_grasping\.venv\Scripts\python.exe"" ""C:\Users\Administrator\Desktop\final project-robot ic\vla_robot_grasping\scripts\run_expert.py"" --task place_blue_cube_blue_pad --complexity medium --seed 0 --episodes 1 --min-success-rate 0 --viewer --duration 60 --speed 0.02 --arm-kp 150 --arm-force 100 --gripper-kp 800 --gripper-force 140 --friction 3.0 --approach-z 0.12 --grasp-z 0.008 --lift-z 0.18 --retries 2",该 seed 放置成功，grasp_success=False，但 max_object_z 达标且 tcp_grasp_lift_success=True；说明环境与控制上界可完成抓放流程，同时标准 grasp 指标仍需单独报告。,docs/grasp_lift_subpolicy_probe_report.md；outputs/videos/grasp_lift_subpolicy_probe_v1_candidate_seed0.json,只能作为 scripted expert / IK 控制上界和指标口径诊断，不能写成 learned BC/ACT/VLA baseline 成功，也不能替代真实 WidowX 验证。
29,候选诊断负例播放顺序,contact_stage_subpolicy_v1_candidate,分阶段 contact-stage scripted subpolicy 上界诊断,video,outputs/videos/contact_stage_subpolicy_v1_candidate_seed0.mp4,0.0,9.9,9.9,"Start-Process ""C:\Users\Administrator\Desktop\final project-robot ic\vla_robot_grasping\outputs\videos\contact_stage_subpolicy_v1_candidate_seed0.mp4""","& ""C:\Users\Administrator\Desktop\final project-robot ic\vla_robot_grasping\.venv\Scripts\python.exe"" ""C:\Users\Administrator\Desktop\final project-robot ic\vla_robot_grasping\scripts\run_contact_stage_subpolicy.py"" --task place_blue_cube_blue_pad --complexity medium --seed 0 --episodes 1 --viewer --duration 60 --speed 0.05 --arm-kp 150 --arm-force 100 --gripper-kp 900 --gripper-force 180 --friction 3.0 --retries 2 --log-every 500",seed0 放置成功，tcp_grasp_lift_success=True，stage trace 记录 approach/descend/close/lift/transfer/place/release/retreat/hold；10 次评测 train-range 5/5、held-out 5/5，但标准 strict_grasp_lift_success=0/10。,docs/contact_stage_subpolicy_report.md；outputs/videos/contact_stage_subpolicy_v1_candidate_seed0.json,只能写成 scripted subpolicy / contact-stage 上界诊断，不能写成 BC、ACT、Diffusion Policy、VLA 或真实 WidowX 学习策略成功。
30,候选诊断负例播放顺序,contact_stage_demo_torch_act_v1_candidate,Contact-stage 成功示范训练的 Torch ACT 候选,video,outputs/videos/contact_stage_demo_torch_act_v1_candidate_seed0.mp4,0.0,9.9,9.9,"Start-Process ""C:\Users\Administrator\Desktop\final project-robot ic\vla_robot_grasping\outputs\videos\contact_stage_demo_torch_act_v1_candidate_seed0.mp4""","& ""C:\Users\Administrator\Desktop\final project-robot ic\vla_robot_grasping\.venv\Scripts\python.exe"" ""C:\Users\Administrator\Desktop\final project-robot ic\vla_robot_grasping\scripts\run_torch_act_policy.py"" --model ""C:\Users\Administrator\Desktop\final project-robot ic\vla_robot_grasping\outputs\torch_act\contact_stage_demo_torch_act_v1_candidate_20260721_014152.pt"" --task place_blue_cube_blue_pad --complexity medium --seed 0 --episodes 1 --steps 2840 --viewer --duration 60 --speed 0.05 --grasp-gate --action-alpha 0.12 --max-arm-delta 0.006 --max-gripper-delta 0.00025 --replan-interval 4 --temporal-ensemble --ensemble-decay 0.1 --gripper-kp 900 --gripper-force 180 --friction 3.0 --stop-on-unsafe --log-every 500",seed0 放置失败，grasp_success=False，max_object_z=0.0447；10 次评测 train-range 0/5、held-out 0/5、tcp_grasp_lift_success=0/10、strict_grasp_lift_success=0/10。说明即使用 contact-stage 成功示范，当前 state-only ACT-style 仍未学出稳定接触控制。,docs/contact_stage_demo_torch_act_report.md；outputs/videos/contact_stage_demo_torch_act_v1_candidate_seed0.json,只能写成更干净 scripted 示范训练 ACT 的候选诊断，不能写成完整官方 ACT、稳定抓取或 VLA 后训练成功。
31,候选诊断负例播放顺序,grasp_gated_trajectory_knn_v1_candidate,夹爪门控 trajectory-kNN 候选,video,outputs/videos/grasp_gated_trajectory_knn_v1_candidate_seed0.mp4,0.0,9.9,9.9,"Start-Process ""C:\Users\Administrator\Desktop\final project-robot ic\vla_robot_grasping\outputs\videos\grasp_gated_trajectory_knn_v1_candidate_seed0.mp4""","& ""C:\Users\Administrator\Desktop\final project-robot ic\vla_robot_grasping\.venv\Scripts\python.exe"" ""C:\Users\Administrator\Desktop\final project-robot ic\vla_robot_grasping\scripts\run_grasp_gated_trajectory_knn_policy.py"" --model ""C:\Users\Administrator\Desktop\final project-robot ic\vla_robot_grasping\outputs\trajectory_knn_bc\trajectory_knn_chunk_bc_20260720_053423.npz"" --task place_blue_cube_blue_pad --complexity medium --seed 0 --episodes 1 --steps 2840 --viewer --duration 60 --speed 0.05 --k 3 --phase-window 0.03 --min-candidates 256 --history-decay 0.25 --arm-kp 150 --arm-force 100 --gripper-kp 900 --gripper-force 180 --friction 3.0 --action-alpha 0.25 --max-arm-delta 0.012 --max-gripper-delta 0.0005 --replan-interval 1 --temporal-ensemble --ensemble-decay 0.1 --stop-on-unsafe --log-every 500",该 seed 的放置指标成功，但 grasp_success=False；门控确实闭合过夹爪，却没有形成抬升抓取。,docs/grasp_gated_trajectory_knn_report.md；outputs/videos/grasp_gated_trajectory_knn_v1_candidate_seed0.json,只能作为夹爪门控消融负例，不能写成 trajectory-kNN 已解决真实 grasp。
32,候选诊断负例播放顺序,contact_stage_phase_action_head_v1_candidate,Contact-stage 成功示范训练的 phase action-head 候选,video,outputs/videos/contact_stage_phase_action_head_v1_candidate_seed101.mp4,0.0,9.9,9.9,"Start-Process ""C:\Users\Administrator\Desktop\final project-robot ic\vla_robot_grasping\outputs\videos\contact_stage_phase_action_head_v1_candidate_seed101.mp4""","& ""C:\Users\Administrator\Desktop\final project-robot ic\vla_robot_grasping\.venv\Scripts\python.exe"" ""C:\Users\Administrator\Desktop\final project-robot ic\vla_robot_grasping\scripts\run_phase_action_head.py"" --model ""C:\Users\Administrator\Desktop\final project-robot ic\vla_robot_grasping\outputs\phase_action_head\contact_stage_phase_action_head_v1_candidate_20260721_020941.npz"" --task place_blue_cube_blue_pad --complexity medium --seed 101 --episodes 1 --steps 2840 --viewer --duration 60 --speed 0.05 --phase-mode progress --action-alpha 0.12 --max-arm-delta 0.006 --max-gripper-delta 0.00025 --gripper-kp 900 --gripper-force 180 --friction 3.0 --stop-on-unsafe --log-every 500",seed101 原始放置 success=True，但 grasp_success=False、tcp_grasp_lift_success=False、strict_grasp_lift_success=False；10 次评测 train-range 放置 0/5、held-out 放置 1/5、TCP 抬升 0/10、严格抓取 0/10。说明显式阶段 action-head 可偶然把目标距离推近，但仍没有学会稳定抓取/抬升。,docs/contact_stage_phase_action_head_report.md；outputs/videos/contact_stage_phase_action_head_v1_candidate_seed101.json,只能写成 contact-stage 成功示范训练的轻量 phase action-head 候选诊断，不能写成稳定抓取、真实 VLA 后训练、OpenVLA LoRA 或完整 ACT 成功。
33,候选诊断负例播放顺序,contact_hold_weighted_torch_act_v1_candidate,Contact-stage 成功示范 + 接触保持加权 Torch ACT 候选,video,outputs/videos/contact_hold_weighted_torch_act_v1_candidate_seed0.mp4,0.0,9.9,9.9,"Start-Process ""C:\Users\Administrator\Desktop\final project-robot ic\vla_robot_grasping\outputs\videos\contact_hold_weighted_torch_act_v1_candidate_seed0.mp4""","& ""C:\Users\Administrator\Desktop\final project-robot ic\vla_robot_grasping\.venv\Scripts\python.exe"" ""C:\Users\Administrator\Desktop\final project-robot ic\vla_robot_grasping\scripts\run_torch_act_policy.py"" --model ""C:\Users\Administrator\Desktop\final project-robot ic\vla_robot_grasping\outputs\torch_act\contact_hold_weighted_torch_act_v1_candidate_20260721_023759.pt"" --task place_blue_cube_blue_pad --complexity medium --seed 0 --episodes 1 --steps 2840 --viewer --duration 60 --speed 0.05 --grasp-gate --action-alpha 0.12 --max-arm-delta 0.006 --max-gripper-delta 0.00025 --replan-interval 4 --temporal-ensemble --ensemble-decay 0.1 --gripper-kp 900 --gripper-force 180 --friction 3.0 --stop-on-unsafe --log-every 500",seed0 放置失败，grasp_success=False、strict_grasp_lift_success=False，但 tcp_grasp_lift_success=True、max_object_z=0.0882；10 次评测 train-range 放置 0/5、held-out 放置 0/5。说明接触保持加权带来一次局部 TCP 抬升迹象，但仍没有形成稳定抓取和放置。,docs/contact_hold_weighted_torch_act_report.md；outputs/videos/contact_hold_weighted_torch_act_v1_candidate_seed0.json,只能写成 contact-hold loss 加权的 ACT 候选诊断，不能写成完整官方 ACT、稳定抓取、稳定 learned grasp、真实 VLA 后训练或真实 WidowX 成功。
34,候选诊断负例播放顺序,contact_aware_trajectory_knn_v1_candidate,相对几何增强 / contact-aware trajectory-kNN 候选,video,outputs/videos/contact_aware_trajectory_knn_v1_candidate_seed0.mp4,0.0,9.9,9.9,"Start-Process ""C:\Users\Administrator\Desktop\final project-robot ic\vla_robot_grasping\outputs\videos\contact_aware_trajectory_knn_v1_candidate_seed0.mp4""","& ""C:\Users\Administrator\Desktop\final project-robot ic\vla_robot_grasping\.venv\Scripts\python.exe"" ""C:\Users\Administrator\Desktop\final project-robot ic\vla_robot_grasping\scripts\run_trajectory_knn_policy.py"" --model ""C:\Users\Administrator\Desktop\final project-robot ic\vla_robot_grasping\outputs\trajectory_knn_bc\contact_aware_trajectory_knn_20260720_233445.npz"" --task place_blue_cube_blue_pad --complexity medium --seed 0 --episodes 1 --steps 2840 --viewer --duration 60 --speed 0.05 --k 3 --phase-window 0.03 --min-candidates 256 --history-decay 0.25 --action-alpha 0.25 --max-arm-delta 0.012 --max-gripper-delta 0.0005 --replan-interval 1 --temporal-ensemble --ensemble-decay 0.1 --stop-on-unsafe --log-every 500",该 seed 放置成功且 tcp_grasp_lift_success=True，但标准 grasp_success=False；5+5 评测显示 train-range 5/5、held-out 1/5，说明相对几何增强改善训练范围复现，尚未解决留出泛化和稳定抓取。,docs/contact_aware_trajectory_knn_report.md；outputs/videos/contact_aware_trajectory_knn_v1_candidate_seed0.json,只能作为相对几何特征消融候选，不能写成可靠 learned grasp、完整 ACT 或真实 VLA 后训练成功。
35,候选诊断负例播放顺序,gripper_timing_contact_probe_v1_candidate,夹爪闭合时序 / 接触保持 scripted diagnostic probe,video,outputs/videos/gripper_timing_contact_probe_v1_candidate_seed0.mp4,0.0,12.2,12.2,"Start-Process ""C:\Users\Administrator\Desktop\final project-robot ic\vla_robot_grasping\outputs\videos\gripper_timing_contact_probe_v1_candidate_seed0.mp4""","& ""C:\Users\Administrator\Desktop\final project-robot ic\vla_robot_grasping\.venv\Scripts\python.exe"" ""C:\Users\Administrator\Desktop\final project-robot ic\vla_robot_grasping\scripts\run_gripper_timing_probe.py"" --task place_blue_cube_blue_pad --complexity medium --seed 0 --episodes 1 --variant tight_close_hold --viewer --duration 60 --speed 0.05 --gripper-kp 900 --gripper-force 180 --friction 3.0 --log-every 500",tight_close_hold 固定视频 success=True、tcp_grasp_lift_success=True、max_object_z=0.1727，但 ever_standard_grasp_success=False、strict_grasp_lift_success=False；说明闭合后保持能维持 TCP 抬升和放置，但标准严格抓取口径仍未触发。,docs/gripper_timing_contact_probe_report.md；outputs/videos/gripper_timing_contact_probe_v1_candidate_seed0.json,只能作为 contact/gripper timing 候选诊断，不能写成 learned BC、ACT、Diffusion Policy、VLA、OpenVLA 后训练或真实 WidowX 成功。
36,候选诊断负例播放顺序,preference_contact_aware_trajectory_post_training_v1_candidate,偏好加权 + 相对几何 trajectory-conditioned BC 后训练候选,video,outputs/videos/preference_contact_aware_trajectory_post_training_v1_candidate_seed0.mp4,0.0,9.9,9.9,"Start-Process ""C:\Users\Administrator\Desktop\final project-robot ic\vla_robot_grasping\outputs\videos\preference_contact_aware_trajectory_post_training_v1_candidate_seed0.mp4""","& ""C:\Users\Administrator\Desktop\final project-robot ic\vla_robot_grasping\.venv\Scripts\python.exe"" ""C:\Users\Administrator\Desktop\final project-robot ic\vla_robot_grasping\scripts\run_preference_trajectory_post_training_policy.py"" --model ""C:\Users\Administrator\Desktop\final project-robot ic\vla_robot_grasping\outputs\preference_post_training\preference_contact_aware_trajectory_post_training_20260721_000449.npz"" --task place_blue_cube_blue_pad --complexity medium --seed 0 --episodes 1 --steps 2840 --viewer --duration 60 --speed 0.05 --k 3 --phase-window 0.03 --min-candidates 256 --history-decay 0.25 --preference-power 1.0 --action-alpha 0.25 --max-arm-delta 0.012 --max-gripper-delta 0.0005 --replan-interval 1 --temporal-ensemble --ensemble-decay 0.1 --stop-on-unsafe --log-every 500",该 seed 放置成功且 tcp_grasp_lift_success=True，但标准 grasp_success=False；5+5 评测显示 train-range 5/5、held-out 1/5，held-out tcp_grasp_lift_success=0/5，说明偏好权重和相对几何组合仍主要记忆训练分布，不能证明稳定抓取泛化。,docs/preference_contact_aware_trajectory_post_training_report.md；outputs/videos/preference_contact_aware_trajectory_post_training_v1_candidate_seed0.json,只能作为 trajectory-level preference weighting 与 relative-geometry 特征叠加的本地诊断候选，不能写成在线 RL、真实人类偏好优化、完整 ACT、OpenVLA/OFT 或真实 WidowX 结果。
37,候选诊断负例播放顺序,preference_ranked_trajectory_post_training_v1_candidate,episode 内排序偏好 + 相对几何 trajectory-kNN 后训练候选,video,outputs/videos/preference_ranked_trajectory_post_training_v1_candidate_seed0.mp4,0.0,6.3,6.3,"Start-Process ""C:\Users\Administrator\Desktop\final project-robot ic\vla_robot_grasping\outputs\videos\preference_ranked_trajectory_post_training_v1_candidate_seed0.mp4""","& ""C:\Users\Administrator\Desktop\final project-robot ic\vla_robot_grasping\.venv\Scripts\python.exe"" ""C:\Users\Administrator\Desktop\final project-robot ic\vla_robot_grasping\scripts\run_preference_trajectory_post_training_policy.py"" --model ""C:\Users\Administrator\Desktop\final project-robot ic\vla_robot_grasping\outputs\preference_post_training\preference_ranked_trajectory_post_training_20260721_031024.npz"" --task place_blue_cube_blue_pad --complexity medium --seed 0 --episodes 1 --steps 1800 --viewer --duration 60 --speed 0.05 --k 3 --phase-window 0.03 --min-candidates 256 --history-decay 0.25 --preference-power 1.2 --action-alpha 0.22 --max-arm-delta 0.010 --max-gripper-delta 0.00045 --replan-interval 1 --temporal-ensemble --ensemble-decay 0.1 --stop-on-unsafe --log-every 500",快速 2+2 诊断中 train-range 放置 2/2、held-out 放置 1/2；seed0 固定视频 success=True、tcp_grasp_lift_success=True、max_object_z=0.1732，但标准 grasp_success=False、strict_grasp_lift_success=False，说明排序偏好能复现目标距离和局部抬升迹象，仍不能证明稳定抓取。,docs/preference_ranked_trajectory_post_training_report.md；outputs/videos/preference_ranked_trajectory_post_training_v1_candidate_seed0.json,只能写成 ranked preference trajectory 后训练候选诊断；不能写成在线 RL、真实人类偏好优化、完整 ACT、OpenVLA/Robot VLA 后训练或真实 WidowX 成功。
