阶段编号,阶段名称,覆盖数量,关键版本,阶段报告,量化证据,视频证据,展示入口,论文可写结论,论文红线,推荐讲解,重建命令
1,任务/数据/普通 BC,6 个版本,expert_scripted_v1；structured_waypoint_policy_v1；replay_demo_v1；linear_bc_v1；knn_bc_v1；mlp_bc_v1,docs/task_bc_stage_report.md；docs/task_bc_stage_report.csv,docs/evaluation_summary.csv；docs/model_resource_summary.csv；docs/data_efficiency_summary.csv；docs/failure_mode_taxonomy.csv,outputs/presentation_clips/01_task_data_oracle.mp4；outputs/presentation_clips/02_basic_bc_baselines.mp4,docs/video_evidence_gallery.html；docs/reproducible_command_index.md,任务在 MuJoCo 中可解，示范回放可复现，结构化 waypoint 是强对照；linear/MLP 单步 BC 不足，kNN 的训练范围成功更接近轨迹记忆。,expert/structured/replay 不能写成学习出的 VLA；普通 BC 不能写成语言理解或泛化策略。,先展示任务、物体和盘子，再展示 expert/replay 证明数据可复现，最后用 linear/kNN/MLP 说明普通 baseline 的局限。,"& ""C:\Users\Administrator\Desktop\final project-robot ic\vla_robot_grasping\.venv\Scripts\python.exe"" ""C:\Users\Administrator\Desktop\final project-robot ic\vla_robot_grasping\scripts\build_task_bc_stage_report.py"""
2,Trajectory / ACT / Diffusion,11 个版本,trajectory_conditioned_chunk_bc_v2；trajectory_knn_chunk_bc_v1；torch_act_state_chunk_v1；phase_conditioned_torch_act_v1；torch_act_cvae_state_chunk_v1；visual_act_cnn_cvae_v1；torch_diffusion_policy_state_chunk_v1,docs/trajectory_act_stage_report.md；docs/trajectory_act_stage_report.csv；docs/trajectory_prior_residual_bc_report.md,docs/evaluation_summary.csv；docs/model_resource_summary.csv；docs/language_generalization_summary.csv；docs/domain_randomization_summary.csv；docs/failure_mode_taxonomy.csv；docs/trajectory_prior_residual_bc_report.csv,outputs/presentation_clips/03_trajectory_act_diffusion.mp4；outputs/videos/domain_randomization_trajectory_knn_low_friction_seed0.mp4；outputs/videos/domain_randomization_visual_act_cnn_cvae_low_friction_seed0.mp4,docs/trajectory_act_stage_report.md；docs/video_evidence_gallery.html,trajectory/action-chunk/ACT-style/Diffusion 组已经构成可靠对照；trajectory-kNN 在训练范围能成功但留出和语言任务失败；phase-conditioned ACT 失败说明显式阶段条件本身不足以解决接触和抬升。,当前 ACT-lite/state ACT/ACT-CVAE/Visual ACT 是本地轻量 baseline，不能写成完整官方 ACT；Diffusion-lite 不能写成完整 Diffusion Policy；不能写成 OpenVLA/RT-2。,把这一组作为普通模仿学习的高级 baseline：先讲 action chunk 和 history，再讲 ACT/CVAE/Diffusion，最后用 trajectory-prior residual 候选说明结构化接触阶段先验能改善闭环，但不能写成纯 ACT 成功。,"& ""C:\Users\Administrator\Desktop\final project-robot ic\vla_robot_grasping\.venv\Scripts\python.exe"" ""C:\Users\Administrator\Desktop\final project-robot ic\vla_robot_grasping\scripts\build_trajectory_act_stage_report.py"""
3,Action-Head / PEFT / CLIP,8 个版本,object_language_action_head_lite_v1；reward_weighted_action_head_lite_v1；adapter_action_head_lite_v1；lora_action_head_lite_v1；clip_action_head_lite_v1；multi_task_object_action_head_lite_v1,docs/action_head_stage_report.md；docs/action_head_stage_report.csv,docs/evaluation_summary.csv；docs/model_resource_summary.csv；docs/language_generalization_summary.csv；docs/data_efficiency_summary.csv；docs/failure_mode_taxonomy.csv,outputs/presentation_clips/04_action_head_peft_proxy.mp4；outputs/videos/object_language_action_head_lite_v1_seed1_success_example.mp4,docs/action_head_stage_report.md；docs/video_evidence_gallery.html,本地 action-head/PEFT/CLIP proxy 链路已经建立，可用于参数量、训练时间、模型大小和小数据行为的对照；当前成功仍不稳定。,不能写成真实 pretrained VLA 后训练；LoRA/Adapter 是本地 action-head proxy，不是 OpenVLA LoRA；CLIP 不是机器人 VLA。,强调这是轻量化 VLA 路线的前置代理实验：先证明 action head 接口和资源统计可跑，再说明它还没有达到真实 VLA 的语义与动作泛化。,"& ""C:\Users\Administrator\Desktop\final project-robot ic\vla_robot_grasping\.venv\Scripts\python.exe"" ""C:\Users\Administrator\Desktop\final project-robot ic\vla_robot_grasping\scripts\build_action_head_stage_report.py"""
4,语言/空间泛化,22 条语言评测,expert_scripted_language_v1；structured_waypoint_policy_v1；object_language_action_head_lite_v1；torch_act_cvae_state_chunk_v1；clip_action_head_lite_v1；multi_task_object_action_head_lite_v1,docs/language_generalization_summary.csv；docs/video_evidence_index.md,docs/language_generalization_summary.csv；docs/evaluation_summary.csv；docs/failure_mode_taxonomy.csv,outputs/presentation_clips/05_language_generalization.mp4；outputs/showcase/language_generalization_grid.mp4,docs/video_evidence_gallery.html；outputs/showcase/language_generalization_grid.mp4,expert/structured 能完成语言任务；多数学习型单任务 baseline 在 move_leftmost_to_bowl 上失败，说明它们没有形成语言/空间泛化能力。,语言 token、对象特征或 CLIP 代理不能等同于真实 VLA 语言理解；不能把 local proxy 写成 OpenVLA/RT-2 泛化。,用同一 viewer 任务展示从颜色目标到空间目标的变化，再用 0/5 的语言结果说明普通方法与 VLA 目标之间的差距。,"& ""C:\Users\Administrator\Desktop\final project-robot ic\vla_robot_grasping\.venv\Scripts\python.exe"" ""C:\Users\Administrator\Desktop\final project-robot ic\vla_robot_grasping\scripts\build_video_evidence_index.py""
& ""C:\Users\Administrator\Desktop\final project-robot ic\vla_robot_grasping\.venv\Scripts\python.exe"" ""C:\Users\Administrator\Desktop\final project-robot ic\vla_robot_grasping\scripts\build_video_evidence_gallery.py"""
5,数据效率,24 条预算评测,knn_bc；trajectory_knn；object_action_head,docs/data_efficiency_summary.md；docs/data_efficiency_summary.csv,docs/data_efficiency_summary.csv；outputs/evaluations/data_efficiency_v2.json；outputs/figures/data_efficiency.svg,docs/video_evidence_index.md；docs/video_evidence_gallery.html,docs/data_efficiency_summary.md；docs/experiment_dashboard.html,已经完成 10/25/50/92 条 demonstration 的数据效率扫表；kNN/trajectory-kNN 的优势主要发生在训练范围，不能直接说明真实小数据泛化。,不能把 MuJoCo scripted demonstration 的小数据结论写成真实机械臂数据效率；当前还不能证明真实 VLA 小数据优势。,把数据效率作为研究问题的量化维度，而不是成功率主结论；重点讲预算、split 和 held-out 的差异。,"& ""C:\Users\Administrator\Desktop\final project-robot ic\vla_robot_grasping\.venv\Scripts\python.exe"" ""C:\Users\Administrator\Desktop\final project-robot ic\vla_robot_grasping\scripts\evaluate_data_efficiency.py"" --episodes 3 --steps 2840
& ""C:\Users\Administrator\Desktop\final project-robot ic\vla_robot_grasping\.venv\Scripts\python.exe"" ""C:\Users\Administrator\Desktop\final project-robot ic\vla_robot_grasping\scripts\summarize_experiments.py"""
6,MuJoCo domain randomization,18 条扰动评测，成功 11/18,structured_waypoint_policy_v1；trajectory_knn_chunk_bc_v1；visual_act_cnn_cvae_v1,docs/domain_randomization_summary.md；docs/domain_randomization_summary.csv,docs/domain_randomization_summary.csv；outputs/evaluations/domain_randomization_eval_v1.json；docs/failure_mode_taxonomy.csv,outputs/presentation_clips/06_domain_randomization_proxy.mp4；outputs/videos/domain_randomization_structured_low_friction_seed0.mp4；outputs/videos/domain_randomization_trajectory_knn_low_friction_seed0.mp4；outputs/videos/domain_randomization_visual_act_cnn_cvae_low_friction_seed0.mp4,docs/domain_randomization_summary.md；docs/video_evidence_gallery.html,结构化 waypoint 在 MuJoCo 扰动域下稳定，trajectory-kNN 在低摩擦弱抓取域下降，visual ACT-CNN-CVAE 在当前数据规模下仍失败。,MuJoCo domain randomization 只能写成 sim-to-real 代理鲁棒性证据，不能写成 Isaac domain randomization，也不能写成真实机器人验证。,把它放在真实机械臂前的风险预检：说明哪些方法一碰到摩擦、力限或抓力扰动就退化。,"$env:VLA_TORCH_PACKAGE_DIR=""D:\vla_torch_cuda_pkgs""
& ""C:\Users\Administrator\Desktop\final project-robot ic\vla_robot_grasping\.venv\Scripts\python.exe"" ""C:\Users\Administrator\Desktop\final project-robot ic\vla_robot_grasping\scripts\evaluate_domain_randomization.py"" --episodes 2 --steps 2840"
7,最终展示/答辩入口,25 个方法版本，74 条视频证据,final_experiment_package_v1；video_evidence_gallery_v1；final_artifact_manifest_v1；defense_deck_v1；defense_video_playlist_v1；candidate_diagnostic_montage_v1,docs/final_experiment_package.md；docs/final_artifact_manifest.md；docs/reproducible_command_index.md；docs/goal_completion_audit.md；docs/defense_video_playlist.md；docs/video_presentation_storyboard.md,docs/result_matrix.md；docs/stage_comparison_report.csv；docs/research_evidence_map.csv；docs/final_artifact_manifest.json,outputs/presentation_clips/00_defense_video_reel.mp4；outputs/presentation_clips/07_candidate_diagnostics.mp4；outputs/showcase/all_registered_methods_grid.mp4；outputs/showcase/core_methods_grid.mp4,docs/video_evidence_gallery.html；docs/defense_video_playlist.html；docs/defense_deck.html；docs/final_experiment_package.md,当前 MuJoCo 实验包可以支撑普通 BC、trajectory/ACT/Diffusion baseline、action-head proxy、语言泛化、数据效率、扰动域代理评测和候选诊断失败模式的阶段性对比。,展示视频不是额外实验结论；最终论文若要写真实 OpenVLA、Isaac 或真实 WidowX，必须补对应实验，不能用当前 MuJoCo proxy 代替。,答辩时从总览视频进入，再用候选诊断总览解释失败模式和严格抓取口径，然后按阶段报告讲量化表和红线，最后落到 next_phase_implementation 说明后续真实 VLA/Isaac/真实机械臂工作。,"& ""C:\Users\Administrator\Desktop\final project-robot ic\vla_robot_grasping\.venv\Scripts\python.exe"" ""C:\Users\Administrator\Desktop\final project-robot ic\vla_robot_grasping\scripts\build_final_artifact_manifest.py""
& ""C:\Users\Administrator\Desktop\final project-robot ic\vla_robot_grasping\.venv\Scripts\python.exe"" ""C:\Users\Administrator\Desktop\final project-robot ic\vla_robot_grasping\scripts\verify_experiment_artifacts.py"""
8,外部依赖 readiness 门禁,32 条 readiness 审计，formal_method_allowed_now=是 为 0 条,robot_vla_action_head_lite_v1；robot_vla_adapter_lite_v1；robot_vla_lora_lite_v1；isaac_domain_randomization_v1；real_widowx_validation_v1,docs/external_dependency_readiness_audit.md；docs/next_experiment_registry.md；docs/robot_vla_remote_result_intake.md；docs/isaac_domain_randomization_handoff.md；docs/real_widowx_validation_handoff.md,docs/external_dependency_readiness_audit.csv；outputs/evaluations/external_dependency_readiness_audit_v1.json；docs/final_artifact_manifest.json,outputs/presentation_clips/00_defense_video_reel.mp4,docs/external_dependency_readiness_audit.md；docs/openvla_bridge_gallery.html；docs/defense_deck.html；docs/final_experiment_package.md,真实 robot VLA、Isaac 和真实 WidowX planned 版本已经有阻塞条件、回填文件和入包门禁；当前 waiting_remote_result 1、waiting_isaac_runtime 1、waiting_real_robot_trials 1，没有任何 planned 外部版本可直接写入正式方法成功率。,external_dependency_readiness_audit_v1 不是策略成功率结果；不能写成真实 OpenVLA/机器人 VLA 后训练、Isaac domain randomization 或真实 WidowX 验证已经完成。,把它作为从当前 MuJoCo 实验包走向真实 VLA/Isaac/真实机械臂的门禁页：先说明哪些文件已经准备好，再说明哪些外部运行结果必须回填后才能变成正式方法版本。,"& ""C:\Users\Administrator\Desktop\final project-robot ic\vla_robot_grasping\.venv\Scripts\python.exe"" ""C:\Users\Administrator\Desktop\final project-robot ic\vla_robot_grasping\scripts\build_external_dependency_readiness_audit.py""
& ""C:\Users\Administrator\Desktop\final project-robot ic\vla_robot_grasping\.venv\Scripts\python.exe"" ""C:\Users\Administrator\Desktop\final project-robot ic\vla_robot_grasping\scripts\build_stage_evidence_index.py"""
