编号,论文或答辩位置,类型,建议标题,证据文件,配套证据,中文图注/表注/讲解,可支撑结论,论文红线,打开命令
F01,第 4 章 主任务闭环结果,论文图,图 4-1 主任务 train-range 与 held-out 成功率,outputs/figures/main_task_success.svg,docs/evaluation_summary.csv；docs/method_evidence_gate.csv,对比 expert、结构化控制、普通 BC、trajectory/ACT、Diffusion 和 action-head proxy 在训练范围与留出范围的闭环成功率。,环境和任务可解，但多数 learned baseline 在留出范围缺乏稳定闭环能力。,不能只用离线 loss 或单个视频替代闭环成功率；当前结果是 MuJoCo，不是真实 WidowX。,"Start-Process ""C:\Users\Administrator\Desktop\final project-robot ic\vla_robot_grasping\outputs\figures\main_task_success.svg"""
F02,第 4 章 语言/空间泛化,论文图,图 4-2 语言/空间泛化成功率,outputs/figures/language_success.svg,docs/language_generalization_summary.csv；docs/video_evidence_index.md,展示 leftmost-to-bowl 等语言/空间任务下，不同策略对目标描述变化的闭环表现。,当前语言/空间任务已经建立，规则或结构化策略可以作为 oracle，上层 learned proxy 尚未形成真实 VLA 语义泛化。,规则解析、对象特征或 frozen CLIP proxy 不能写成完整 VLM/VLA 语言理解能力。,"Start-Process ""C:\Users\Administrator\Desktop\final project-robot ic\vla_robot_grasping\outputs\figures\language_success.svg"""
F03,第 4 章 资源与效果,论文图,图 4-3 参数量与 held-out 成功率,outputs/figures/resource_vs_success.svg,docs/model_resource_summary.csv；docs/method_comparison_dashboard.csv,把可训练参数、模型大小和 held-out 成功率放在同一张图中，说明轻量参数并不自动带来闭环泛化。,LoRA/Adapter/action-head proxy 的资源占用可对比，但当前仍是本地代理实验。,不能把本地图中的 Adapter/LoRA-style proxy 写成真实 OpenVLA LoRA 或 OpenVLA-OFT 结果。,"Start-Process ""C:\Users\Administrator\Desktop\final project-robot ic\vla_robot_grasping\outputs\figures\resource_vs_success.svg"""
F04,第 4 章 数据效率,论文图,图 4-4 小规模 demonstration 数据效率曲线,outputs/figures/data_efficiency.svg,docs/data_efficiency_summary.csv；outputs/evaluations/data_efficiency_v2.json,比较 10/25/50/92 条 scripted demonstration 条件下的训练范围和留出范围表现。,小数据条件下，轨迹记忆类方法在训练范围更容易成功，留出范围仍明显不足。,不能把 MuJoCo scripted demonstration 结论直接写成真实机械臂数据效率或真实 VLA 小样本优势。,"Start-Process ""C:\Users\Administrator\Desktop\final project-robot ic\vla_robot_grasping\outputs\figures\data_efficiency.svg"""
T01,附录 A 方法结果总表,论文表,表 A-1 正式方法版本结果、资源与视频证据,docs/thesis_method_comparison_table.csv,docs/thesis_appendix_tables.md；docs/method_comparison_dashboard.html,汇总 25 个正式方法版本的阶段分组、主任务、语言泛化、参数规模、视频数和论文红线。,可支撑普通 BC、trajectory-conditioned BC、ACT-style、Diffusion、action-head/PEFT proxy 的横向比较。,表中 proxy、state-only、lite、candidate 的边界必须保留，不能改写为完整官方方法或真实机器人结果。,"Start-Process notepad.exe ""C:\Users\Administrator\Desktop\final project-robot ic\vla_robot_grasping\docs\thesis_method_comparison_table.csv"""
T02,附录 A Domain randomization,论文表,表 A-2 MuJoCo domain randomization 代理评测,docs/thesis_domain_randomization_table.csv,docs/domain_randomization_summary.md；outputs/evaluations/domain_randomization_eval_v1.json,汇总摩擦、执行器力限和夹爪力度扰动下的成功率与目标距离。,MuJoCo domain randomization 代理可作为 Isaac 和真实机械臂前的鲁棒性前置检查。,MuJoCo domain randomization 代理不能写成 Isaac domain randomization 已完成，也不能写成真实 WidowX 迁移验证。,"Start-Process notepad.exe ""C:\Users\Administrator\Desktop\final project-robot ic\vla_robot_grasping\docs\thesis_domain_randomization_table.csv"""
H01,答辩现场 横向比较,HTML 看板,方法评测比较看板,docs/method_comparison_dashboard.html,docs/method_comparison_dashboard.md；docs/method_comparison_dashboard.csv,method_comparison_dashboard_v1：按阶段、成功率、参数、训练资源、固定视频和慢速 viewer 命令筛选 25 个正式方法。,用于现场解释不同阶段和不同方法之间的量化差异。,当前完成的是 MuJoCo 实验包；真实 OpenVLA、Isaac 和真实 WidowX 仍是后续阶段。,"Start-Process ""C:\Users\Administrator\Desktop\final project-robot ic\vla_robot_grasping\docs\method_comparison_dashboard.html"""
H02,答辩现场 视频播放,HTML 播放清单,答辩视频播放清单,docs/defense_video_playlist.html,docs/defense_video_playlist.md；docs/defense_video_playlist.csv,defense_video_playlist_v1：按 claim 顺序播放阶段短片，并附带候选诊断负例、讲稿提示、viewer 命令和导出命令。,用于现场展示仿真视频片段和每个 claim 的证据入口。,视频是定性展示证据，不替代成功率、目标距离、资源和泛化表。,"Start-Process ""C:\Users\Administrator\Desktop\final project-robot ic\vla_robot_grasping\docs\defense_video_playlist.html"""
H03,答辩现场 阶段讲解,HTML 索引,阶段展示总索引,docs/stage_showcase_index.html,docs/stage_showcase_index.md；docs/stage_reproduction_runbook.md,按阶段列出目标、方法版本、视频证据、量化表和 viewer 命令。,用于从任务/数据、普通 BC、trajectory/ACT、action-head、语言泛化和 domain randomization 逐段说明。,阶段索引只组织证据，不新增实验结论。,"Start-Process ""C:\Users\Administrator\Desktop\final project-robot ic\vla_robot_grasping\docs\stage_showcase_index.html"""
H04,第 5 章 后续 VLA 桥接,HTML/图像,OpenVLA 数据桥接样本浏览,docs/openvla_bridge_gallery.html,data/vla_bridge/openvla_dataset_bridge_v1/preview_grid.png；docs/openvla_dataset_bridge_report.md,展示 MuJoCo episode 已被整理成后续机器人 VLA/action-head 可读取的数据桥接样本。,证明后续接入 OpenVLA/机器人 VLA 的数据格式和交接门禁已经准备好。,bridge 样本不是 OpenVLA 训练结果，也不是真实机器人验证结果。,"Start-Process ""C:\Users\Administrator\Desktop\final project-robot ic\vla_robot_grasping\docs\openvla_bridge_gallery.html"""
V00,答辩开场,视频,总览视频,outputs/presentation_clips/00_defense_video_reel.mp4,docs/video_presentation_storyboard.html；docs/video_evidence_gallery.html,用一个短片快速串起任务、baseline、trajectory/ACT、action-head、语言泛化和 domain randomization 代理。,可作为答辩开场的定性总览。,总览视频不能替代分项量化表。,"Start-Process ""C:\Users\Administrator\Desktop\final project-robot ic\vla_robot_grasping\outputs\presentation_clips\00_defense_video_reel.mp4"""
V01,答辩阶段 1,视频,任务与数据链路,outputs/presentation_clips/01_task_data_oracle.mp4,docs/task_bc_stage_report.md；docs/evaluation_summary.csv,展示 expert、structured waypoint 和 replay，证明桌面抓取/放置链路可解且示范可复现。,可支撑环境、任务、数据采集和 replay 验证已经闭环。,expert、structured waypoint 和 replay 不能写成 learned VLA。,"Start-Process ""C:\Users\Administrator\Desktop\final project-robot ic\vla_robot_grasping\outputs\presentation_clips\01_task_data_oracle.mp4"""
V02,答辩阶段 2,视频,普通 BC 对照,outputs/presentation_clips/02_basic_bc_baselines.mp4,docs/task_bc_stage_report.md；docs/failure_mode_taxonomy.md,展示 linear/MLP BC 失败和 kNN 轨迹记忆差异。,可支撑普通简单 BC 在接触、夹紧、抬升和泛化上的不足。,普通 BC 不能写成语言理解、任务泛化或 VLA 后训练结果。,"Start-Process ""C:\Users\Administrator\Desktop\final project-robot ic\vla_robot_grasping\outputs\presentation_clips\02_basic_bc_baselines.mp4"""
V03,答辩阶段 3,视频,Trajectory / ACT / Diffusion 对照,outputs/presentation_clips/03_trajectory_act_diffusion.mp4,docs/trajectory_act_stage_report.md；docs/trajectory_act_experiment_record.md；docs/trajectory_act_failure_diagnosis.md,展示 trajectory-conditioned BC / ACT-style / Diffusion baseline，说明历史观测和动作块接口已经建立。,可支撑 trajectory-conditioned BC / ACT 阶段完成，并有中文实验记录和失败诊断。,当前是 state-only 或轻量本地 baseline，不能写成完整官方 ACT 或完整视觉 Diffusion Policy。,"Start-Process ""C:\Users\Administrator\Desktop\final project-robot ic\vla_robot_grasping\outputs\presentation_clips\03_trajectory_act_diffusion.mp4"""
V04,答辩阶段 4,视频,Action-head / PEFT proxy,outputs/presentation_clips/04_action_head_peft_proxy.mp4,docs/action_head_stage_report.md；docs/model_resource_summary.csv,展示 action-head、Adapter、LoRA-style 和 CLIP proxy 的闭环表现与资源规模。,可支撑轻量 action-head/PEFT proxy 的资源比较和失败边界。,Adapter/LoRA-style 是本地 proxy，不是 OpenVLA LoRA；CLIP 不是机器人 VLA。,"Start-Process ""C:\Users\Administrator\Desktop\final project-robot ic\vla_robot_grasping\outputs\presentation_clips\04_action_head_peft_proxy.mp4"""
V05,答辩阶段 5,视频,语言/空间泛化,outputs/presentation_clips/05_language_generalization.mp4,docs/language_generalization_summary.csv；docs/failure_mode_taxonomy.md,展示 leftmost-to-bowl 等语言/空间变化任务。,可支撑语言泛化测试已经建立，当前 learned proxy 多数没有形成真实泛化。,规则、对象特征、language token 或 frozen CLIP action head 不能写成完整 VLA 语义泛化。,"Start-Process ""C:\Users\Administrator\Desktop\final project-robot ic\vla_robot_grasping\outputs\presentation_clips\05_language_generalization.mp4"""
V06,答辩阶段 6,视频,MuJoCo domain randomization 代理,outputs/presentation_clips/06_domain_randomization_proxy.mp4,docs/domain_randomization_summary.md；docs/isaac_domain_randomization_handoff.md,展示低摩擦、弱夹爪和执行器扰动下的代表行为。,可支撑 MuJoCo domain randomization 代理评测已完成，Isaac 交接门禁已准备。,不能写成 Isaac 已运行，也不能写成真实 WidowX sim-to-real 迁移成功或失败。,"Start-Process ""C:\Users\Administrator\Desktop\final project-robot ic\vla_robot_grasping\outputs\presentation_clips\06_domain_randomization_proxy.mp4"""
C01,答辩追问 候选负例,诊断视频,Trajectory phase template BC 候选,outputs/videos/trajectory_phase_template_bc_v1_candidate_seed1.mp4,docs/trajectory_phase_template_bc_report.md；outputs/evaluations/trajectory_phase_template_bc_v1.json,展示显式 phase 模板仍不能稳定解决真实抓取和抬升。,可用于解释为什么候选改进没有升级为正式可靠 baseline。,grasp_successes=0 的候选负例不能写成稳定抓取成功。,"Start-Process ""C:\Users\Administrator\Desktop\final project-robot ic\vla_robot_grasping\outputs\videos\trajectory_phase_template_bc_v1_candidate_seed1.mp4"""
C02,答辩追问 候选负例,诊断视频,Grasp-gated trajectory-conditioned chunk BC 候选,outputs/videos/grasp_gated_trajectory_conditioned_chunk_bc_v1_candidate_seed0.mp4,docs/grasp_gated_trajectory_act_report.md；outputs/evaluations/grasp_gated_trajectory_act_v1_candidate.json,展示加入保守夹爪门控和慢速动作后，trajectory-conditioned chunk BC 仍缺乏严格抓取成功。,可支撑失败不是单纯 viewer 速度太快造成的。,原始放置成功不能写成稳定抓取成功；必须同时报告 strict grasp 口径。,"Start-Process ""C:\Users\Administrator\Desktop\final project-robot ic\vla_robot_grasping\outputs\videos\grasp_gated_trajectory_conditioned_chunk_bc_v1_candidate_seed0.mp4"""
C03,答辩追问 候选负例,诊断视频,Grasp-gated Torch ACT 候选,outputs/videos/grasp_gated_torch_act_state_chunk_v1_candidate_seed0.mp4,docs/grasp_gated_trajectory_act_report.md；outputs/evaluations/grasp_gated_trajectory_act_v1_candidate.json,展示 Torch ACT-style 在相同夹爪门控和慢速动作下仍不能稳定完成抓取/放置。,可用于说明当前 ACT-style baseline 的主要瓶颈是接触和抓取阶段建模。,不能写成完整官方 ACT，也不能把候选诊断写成正式成功结果。,"Start-Process ""C:\Users\Administrator\Desktop\final project-robot ic\vla_robot_grasping\outputs\videos\grasp_gated_torch_act_state_chunk_v1_candidate_seed0.mp4"""
C04,答辩追问 候选负例,诊断视频,Grasp-gated trajectory-kNN 候选,outputs/videos/grasp_gated_trajectory_knn_v1_candidate_seed0.mp4,docs/grasp_gated_trajectory_knn_report.md；outputs/evaluations/grasp_gated_trajectory_knn_v1.json,展示单独夹爪门控不能把轨迹记忆转化为真实抓取策略。,可支撑 trajectory-kNN 的训练范围成功更像记忆而不是泛化控制。,训练范围成功不能写成策略泛化，grasp_successes=0 不能写成稳定抓取。,"Start-Process ""C:\Users\Administrator\Desktop\final project-robot ic\vla_robot_grasping\outputs\videos\grasp_gated_trajectory_knn_v1_candidate_seed0.mp4"""
C05,答辩追问 候选负例,诊断视频,Preference trajectory post-training 候选,outputs/videos/preference_trajectory_post_training_v1_candidate_seed0.mp4,docs/preference_trajectory_post_training_report.md；outputs/evaluations/preference_trajectory_post_training_v1.json,展示偏好加权 trajectory 后训练主要改善训练范围轨迹复现，留出和严格抓取仍不足。,可支撑轻量偏好/后训练候选已做诊断，但未形成正式稳定策略。,不能写成在线 RL、真实 preference optimization 或真实抓取成功。,"Start-Process ""C:\Users\Administrator\Desktop\final project-robot ic\vla_robot_grasping\outputs\videos\preference_trajectory_post_training_v1_candidate_seed0.mp4"""
C06,答辩追问 上界诊断,诊断视频,Grasp/Lift 子策略上界诊断,outputs/videos/grasp_lift_subpolicy_probe_v1_candidate_seed0.mp4,docs/grasp_lift_subpolicy_probe_report.md；outputs/evaluations/grasp_lift_subpolicy_probe_v1_candidate.json,展示 scripted expert / IK 控制上界能完成放置和 TCP 抬升，但标准 grasp_success 口径仍需单独报告。,可用于解释 trajectory-conditioned BC / ACT 失败不是因为环境完全不可执行抓放流程。,不能写成 learned BC/ACT/VLA baseline 成功，也不能替代真实 WidowX 验证。,"Start-Process ""C:\Users\Administrator\Desktop\final project-robot ic\vla_robot_grasping\outputs\videos\grasp_lift_subpolicy_probe_v1_candidate_seed0.mp4"""
