版本,方法,阶段,输入形式,动作形式,最终模型,训练范围成功率,留出范围成功率,语言/空间泛化,语言平均目标距离,可训练参数,模型大小MB,训练时间秒,峰值显存MB,固定视频,固定视频结果,目标距离,抓取标志,物体高度,实验结论,论文红线,主任务Viewer命令,语言Viewer命令,训练命令
act_lite_chunk_bc_v1,Action-Chunk BC / ACT-lite,trajectory_conditioned_baseline,当前状态,8 步动作块 MLP,outputs/chunk_bc/chunk_bc_20260702_072710.npz,0/5,0/5,0/5,0.31351732692251144,117304,0.421,,,outputs/videos/act_lite_chunk_bc_v1_seed0.mp4,success=False,0.0832,False,0.0249,短动作块仍不足，需要完整 ACT 或 Diffusion Policy。,不能写成完整 ACT，只能写成短动作块 BC baseline。,"& ""C:\Users\Administrator\Desktop\final project-robot ic\vla_robot_grasping\.venv\Scripts\python.exe"" ""C:\Users\Administrator\Desktop\final project-robot ic\vla_robot_grasping\scripts\run_chunk_policy.py"" --model ""C:\Users\Administrator\Desktop\final project-robot ic\vla_robot_grasping\outputs\chunk_bc\chunk_bc_20260702_072710.npz"" --task place_blue_cube_blue_pad --complexity medium --seed 0 --episodes 1 --steps 2840 --viewer --duration 60 --speed 0.05 --action-alpha 0.25 --max-arm-delta 0.012 --max-gripper-delta 0.0005 --replan-interval 1 --temporal-ensemble --ensemble-decay 0.1 --stop-on-unsafe --log-every 500","& ""C:\Users\Administrator\Desktop\final project-robot ic\vla_robot_grasping\.venv\Scripts\python.exe"" ""C:\Users\Administrator\Desktop\final project-robot ic\vla_robot_grasping\scripts\run_chunk_policy.py"" --model ""C:\Users\Administrator\Desktop\final project-robot ic\vla_robot_grasping\outputs\chunk_bc\chunk_bc_20260702_072710.npz"" --task move_leftmost_to_bowl --complexity language --seed 200 --episodes 1 --steps 2840 --viewer --duration 60 --speed 0.05 --action-alpha 0.25 --max-arm-delta 0.012 --max-gripper-delta 0.0005 --replan-interval 1 --temporal-ensemble --ensemble-decay 0.1 --stop-on-unsafe --log-every 500","& ""C:\Users\Administrator\Desktop\final project-robot ic\vla_robot_grasping\.venv\Scripts\python.exe"" ""C:\Users\Administrator\Desktop\final project-robot ic\vla_robot_grasping\scripts\train_chunk_bc.py"" --run-dir ""C:\Users\Administrator\Desktop\final project-robot ic\vla_robot_grasping\data\demos\place_blue_cube_blue_pad_medium_20260702_051752"" --horizon 8 --history 1 --sample-stride 8 --model-prefix chunk_bc"
trajectory_conditioned_chunk_bc_v2,Trajectory-Conditioned Action-Chunk BC / ACT-lite v2,trajectory_conditioned_baseline,8 帧历史状态,历史条件 8 步动作块 MLP,outputs/chunk_bc/trajectory_chunk_bc_20260720_043500.npz,0/5,0/5,0/5,0.31351732692251144,375352,1.350,,,outputs/videos/trajectory_conditioned_chunk_bc_v2_seed0.mp4,success=False,0.1452,False,0.0249,输入最近 8 帧观测历史并输出 8 步动作块；动作更平滑，但仍未形成稳定夹取。,不能写成完整 ACT 或稳定抓取成功；它只是历史状态条件动作块 baseline。,"& ""C:\Users\Administrator\Desktop\final project-robot ic\vla_robot_grasping\.venv\Scripts\python.exe"" ""C:\Users\Administrator\Desktop\final project-robot ic\vla_robot_grasping\scripts\run_chunk_policy.py"" --model ""C:\Users\Administrator\Desktop\final project-robot ic\vla_robot_grasping\outputs\chunk_bc\trajectory_chunk_bc_20260720_043500.npz"" --task place_blue_cube_blue_pad --complexity medium --seed 0 --episodes 1 --steps 2840 --viewer --duration 60 --speed 0.05 --action-alpha 0.25 --max-arm-delta 0.012 --max-gripper-delta 0.0005 --replan-interval 1 --temporal-ensemble --ensemble-decay 0.1 --stop-on-unsafe --log-every 500","& ""C:\Users\Administrator\Desktop\final project-robot ic\vla_robot_grasping\.venv\Scripts\python.exe"" ""C:\Users\Administrator\Desktop\final project-robot ic\vla_robot_grasping\scripts\run_chunk_policy.py"" --model ""C:\Users\Administrator\Desktop\final project-robot ic\vla_robot_grasping\outputs\chunk_bc\trajectory_chunk_bc_20260720_043500.npz"" --task move_leftmost_to_bowl --complexity language --seed 200 --episodes 1 --steps 2840 --viewer --duration 60 --speed 0.05 --action-alpha 0.25 --max-arm-delta 0.012 --max-gripper-delta 0.0005 --replan-interval 1 --temporal-ensemble --ensemble-decay 0.1 --stop-on-unsafe --log-every 500","& ""C:\Users\Administrator\Desktop\final project-robot ic\vla_robot_grasping\.venv\Scripts\python.exe"" ""C:\Users\Administrator\Desktop\final project-robot ic\vla_robot_grasping\scripts\train_chunk_bc.py"" --run-dir ""C:\Users\Administrator\Desktop\final project-robot ic\vla_robot_grasping\data\demos\place_blue_cube_blue_pad_medium_20260702_051752"" --horizon 8 --history 8 --sample-stride 16 --model-prefix trajectory_chunk_bc --no-augment-relative"
trajectory_knn_chunk_bc_v1,Trajectory-kNN Action-Chunk BC,trajectory_memory_baseline,8 帧历史状态检索,历史条件 kNN 动作块记忆,outputs/trajectory_knn_bc/trajectory_knn_chunk_bc_20260720_053423.npz,5/5,0/5,0/5,0.35527123885100076,0,32.923,,,outputs/videos/trajectory_knn_chunk_bc_v1_seed0.mp4,success=True,0.0111,False,0.0249,使用最近 8 帧观测历史检索示范动作块；训练范围可成功，但留出范围失败，说明仍是轨迹记忆型 baseline。,训练范围成功不能写成泛化能力；它更接近轨迹记忆。,"& ""C:\Users\Administrator\Desktop\final project-robot ic\vla_robot_grasping\.venv\Scripts\python.exe"" ""C:\Users\Administrator\Desktop\final project-robot ic\vla_robot_grasping\scripts\run_trajectory_knn_policy.py"" --model ""C:\Users\Administrator\Desktop\final project-robot ic\vla_robot_grasping\outputs\trajectory_knn_bc\trajectory_knn_chunk_bc_20260720_053423.npz"" --task place_blue_cube_blue_pad --complexity medium --seed 0 --episodes 1 --steps 2840 --viewer --duration 60 --speed 0.05 --k 3 --phase-window 0.03 --min-candidates 256 --history-decay 0.25 --action-alpha 0.25 --max-arm-delta 0.012 --max-gripper-delta 0.0005 --replan-interval 1 --temporal-ensemble --ensemble-decay 0.1 --stop-on-unsafe --log-every 500","& ""C:\Users\Administrator\Desktop\final project-robot ic\vla_robot_grasping\.venv\Scripts\python.exe"" ""C:\Users\Administrator\Desktop\final project-robot ic\vla_robot_grasping\scripts\run_trajectory_knn_policy.py"" --model ""C:\Users\Administrator\Desktop\final project-robot ic\vla_robot_grasping\outputs\trajectory_knn_bc\trajectory_knn_chunk_bc_20260720_053423.npz"" --task move_leftmost_to_bowl --complexity language --seed 200 --episodes 1 --steps 2840 --viewer --duration 60 --speed 0.05 --k 3 --phase-window 0.03 --min-candidates 256 --history-decay 0.25 --action-alpha 0.25 --max-arm-delta 0.012 --max-gripper-delta 0.0005 --replan-interval 1 --temporal-ensemble --ensemble-decay 0.1 --stop-on-unsafe --log-every 500","& ""C:\Users\Administrator\Desktop\final project-robot ic\vla_robot_grasping\.venv\Scripts\python.exe"" ""C:\Users\Administrator\Desktop\final project-robot ic\vla_robot_grasping\scripts\train_trajectory_knn_bc.py"" --run-dir ""C:\Users\Administrator\Desktop\final project-robot ic\vla_robot_grasping\data\demos\place_blue_cube_blue_pad_medium_20260702_051752"" --horizon 8 --history 8 --sample-stride 16 --no-augment-relative"
torch_act_state_chunk_v1,PyTorch State Transformer ACT,torch_act_baseline,8 帧历史状态,Transformer ACT-style 动作块,outputs/torch_act/torch_act_state_chunk_20260720_055409.pt,1/5,0/5,0/5,0.31351732692251144,178183,0.708,38.46301059999678,0,outputs/videos/torch_act_state_chunk_v1_seed0.mp4,success=True,0.0563,False,0.0249,PyTorch Transformer encoder/decoder 动作块模型，输入 8 帧状态历史并输出 8 步动作块；训练范围 seed0 成功，但总体仍不稳定。,不能写成完整视觉 ACT；这是 state-only ACT-style baseline。,"& ""C:\Users\Administrator\Desktop\final project-robot ic\vla_robot_grasping\.venv\Scripts\python.exe"" ""C:\Users\Administrator\Desktop\final project-robot ic\vla_robot_grasping\scripts\run_torch_act_policy.py"" --model ""C:\Users\Administrator\Desktop\final project-robot ic\vla_robot_grasping\outputs\torch_act\torch_act_state_chunk_20260720_055409.pt"" --task place_blue_cube_blue_pad --complexity medium --seed 0 --episodes 1 --steps 2840 --viewer --duration 60 --speed 0.05 --action-alpha 0.25 --max-arm-delta 0.012 --max-gripper-delta 0.0005 --replan-interval 4 --temporal-ensemble --ensemble-decay 0.1 --stop-on-unsafe --log-every 500","& ""C:\Users\Administrator\Desktop\final project-robot ic\vla_robot_grasping\.venv\Scripts\python.exe"" ""C:\Users\Administrator\Desktop\final project-robot ic\vla_robot_grasping\scripts\run_torch_act_policy.py"" --model ""C:\Users\Administrator\Desktop\final project-robot ic\vla_robot_grasping\outputs\torch_act\torch_act_state_chunk_20260720_055409.pt"" --task move_leftmost_to_bowl --complexity language --seed 200 --episodes 1 --steps 2840 --viewer --duration 60 --speed 0.05 --action-alpha 0.25 --max-arm-delta 0.012 --max-gripper-delta 0.0005 --replan-interval 4 --temporal-ensemble --ensemble-decay 0.1 --stop-on-unsafe --log-every 500","& ""C:\Users\Administrator\Desktop\final project-robot ic\vla_robot_grasping\.venv\Scripts\python.exe"" ""C:\Users\Administrator\Desktop\final project-robot ic\vla_robot_grasping\scripts\train_torch_act.py"" --run-dir ""C:\Users\Administrator\Desktop\final project-robot ic\vla_robot_grasping\data\demos\place_blue_cube_blue_pad_medium_20260702_051752"" --horizon 8 --history 8 --sample-stride 16 --d-model 64 --nhead 4 --encoder-layers 2 --decoder-layers 2 --dim-feedforward 128 --epochs 6 --batch-size 256 --lr 0.0003 --gripper-loss-weight 4"
torch_act_state_chunk_cuda_v1,PyTorch State Transformer ACT CUDA,torch_act_baseline,8 帧历史状态,Transformer ACT-style 动作块 CUDA 资源对照,outputs/torch_act/torch_act_state_chunk_cuda_20260720_095442.pt,0/5,1/5,0/5,0.31351732692251144,178183,0.709,17.458892599999672,71.27001953125,outputs/videos/torch_act_state_chunk_cuda_v1_seed0.mp4,success=False,0.0736,False,0.0249,同结构的 state-only PyTorch ACT 在 CUDA Torch 2.6.0+cu124 下训练；训练时间约 17.46s，峰值显存约 71.27MB。该版本用于资源/运行环境对照，不代表策略效果提升。,CUDA 版本只能写成资源对照，不能写成策略结构改进。,"$env:VLA_TORCH_PACKAGE_DIR=""D:\vla_torch_cuda_pkgs""
& ""C:\Users\Administrator\Desktop\final project-robot ic\vla_robot_grasping\.venv\Scripts\python.exe"" ""C:\Users\Administrator\Desktop\final project-robot ic\vla_robot_grasping\scripts\run_torch_act_policy.py"" --model ""C:\Users\Administrator\Desktop\final project-robot ic\vla_robot_grasping\outputs\torch_act\torch_act_state_chunk_cuda_20260720_095442.pt"" --task place_blue_cube_blue_pad --complexity medium --seed 0 --episodes 1 --steps 2840 --viewer --duration 60 --speed 0.05 --action-alpha 0.25 --max-arm-delta 0.012 --max-gripper-delta 0.0005 --replan-interval 4 --temporal-ensemble --ensemble-decay 0.1 --stop-on-unsafe --log-every 500","$env:VLA_TORCH_PACKAGE_DIR=""D:\vla_torch_cuda_pkgs""
& ""C:\Users\Administrator\Desktop\final project-robot ic\vla_robot_grasping\.venv\Scripts\python.exe"" ""C:\Users\Administrator\Desktop\final project-robot ic\vla_robot_grasping\scripts\run_torch_act_policy.py"" --model ""C:\Users\Administrator\Desktop\final project-robot ic\vla_robot_grasping\outputs\torch_act\torch_act_state_chunk_cuda_20260720_095442.pt"" --task move_leftmost_to_bowl --complexity language --seed 200 --episodes 1 --steps 2840 --viewer --duration 60 --speed 0.05 --action-alpha 0.25 --max-arm-delta 0.012 --max-gripper-delta 0.0005 --replan-interval 4 --temporal-ensemble --ensemble-decay 0.1 --stop-on-unsafe --log-every 500","$env:VLA_TORCH_PACKAGE_DIR=""D:\vla_torch_cuda_pkgs""
& ""C:\Users\Administrator\Desktop\final project-robot ic\vla_robot_grasping\.venv\Scripts\python.exe"" ""C:\Users\Administrator\Desktop\final project-robot ic\vla_robot_grasping\scripts\train_torch_act.py"" --run-dir ""C:\Users\Administrator\Desktop\final project-robot ic\vla_robot_grasping\data\demos\place_blue_cube_blue_pad_medium_20260702_051752"" --horizon 8 --history 8 --sample-stride 16 --d-model 64 --nhead 4 --encoder-layers 2 --decoder-layers 2 --dim-feedforward 128 --epochs 6 --batch-size 256 --lr 0.0003 --gripper-loss-weight 4 --model-prefix torch_act_state_chunk_cuda"
phase_conditioned_torch_act_v1,Phase-Conditioned PyTorch State ACT,torch_act_baseline,8 帧历史状态 + 阶段 one-hot,阶段条件 Transformer ACT-style 动作块,outputs/torch_act/phase_conditioned_torch_act_20260720_132228.pt,0/5,0/5,未登记,未登记,178503,0.710,12.979319299993222,71.3134765625,outputs/videos/phase_conditioned_torch_act_v1_seed0.mp4,success=False,0.0893,False,0.0249,在 state-only PyTorch ACT 的 8 帧历史状态上追加 approach/grasp/lift/transfer/place-release 阶段 one-hot；离线误差正常但闭环仍失败，说明显式阶段条件本身不能解决接触、夹紧和抬升。,阶段 one-hot 失败不能证明 ACT 无效，只能说明当前阶段条件代理不足。,"$env:VLA_TORCH_PACKAGE_DIR=""D:\vla_torch_cuda_pkgs""
& ""C:\Users\Administrator\Desktop\final project-robot ic\vla_robot_grasping\.venv\Scripts\python.exe"" ""C:\Users\Administrator\Desktop\final project-robot ic\vla_robot_grasping\scripts\run_torch_act_policy.py"" --model ""C:\Users\Administrator\Desktop\final project-robot ic\vla_robot_grasping\outputs\torch_act\phase_conditioned_torch_act_20260720_132228.pt"" --task place_blue_cube_blue_pad --complexity medium --seed 0 --episodes 1 --steps 2840 --viewer --duration 60 --speed 0.05 --action-alpha 0.25 --max-arm-delta 0.012 --max-gripper-delta 0.0005 --replan-interval 4 --temporal-ensemble --ensemble-decay 0.1 --stop-on-unsafe --log-every 500","$env:VLA_TORCH_PACKAGE_DIR=""D:\vla_torch_cuda_pkgs""
& ""C:\Users\Administrator\Desktop\final project-robot ic\vla_robot_grasping\.venv\Scripts\python.exe"" ""C:\Users\Administrator\Desktop\final project-robot ic\vla_robot_grasping\scripts\run_torch_act_policy.py"" --model ""C:\Users\Administrator\Desktop\final project-robot ic\vla_robot_grasping\outputs\torch_act\phase_conditioned_torch_act_20260720_132228.pt"" --task move_leftmost_to_bowl --complexity language --seed 200 --episodes 1 --steps 2840 --viewer --duration 60 --speed 0.05 --action-alpha 0.25 --max-arm-delta 0.012 --max-gripper-delta 0.0005 --replan-interval 4 --temporal-ensemble --ensemble-decay 0.1 --stop-on-unsafe --log-every 500","$env:VLA_TORCH_PACKAGE_DIR=""D:\vla_torch_cuda_pkgs""
& ""C:\Users\Administrator\Desktop\final project-robot ic\vla_robot_grasping\.venv\Scripts\python.exe"" ""C:\Users\Administrator\Desktop\final project-robot ic\vla_robot_grasping\scripts\train_torch_act.py"" --run-dir ""C:\Users\Administrator\Desktop\final project-robot ic\vla_robot_grasping\data\demos\place_blue_cube_blue_pad_medium_20260702_051752"" --horizon 8 --history 8 --sample-stride 16 --d-model 64 --nhead 4 --encoder-layers 2 --decoder-layers 2 --dim-feedforward 128 --epochs 6 --batch-size 256 --lr 0.0003 --gripper-loss-weight 4 --phase-one-hot --model-prefix phase_conditioned_torch_act"
torch_act_cvae_state_chunk_v1,PyTorch State ACT-CVAE-lite,torch_act_cvae_baseline,8 帧历史状态 + CVAE latent,Transformer ACT-CVAE 动作块,outputs/torch_act_cvae/torch_act_cvae_state_chunk_20260720_084842.pt,0/5,0/5,0/5,0.31351732692251144,198375,0.789,37.49063409999508,0,outputs/videos/torch_act_cvae_state_chunk_v1_seed0.mp4,success=False,0.0875,False,0.0249,State-only Transformer ACT 加入 CVAE latent；离线 zero-latent 误差下降，但闭环仍没有稳定抬升，说明更接近正式 ACT 的结构仍不足。,不能写成官方 ACT 复现；这是 state-only ACT-CVAE-lite。,"& ""C:\Users\Administrator\Desktop\final project-robot ic\vla_robot_grasping\.venv\Scripts\python.exe"" ""C:\Users\Administrator\Desktop\final project-robot ic\vla_robot_grasping\scripts\run_torch_act_cvae_policy.py"" --model ""C:\Users\Administrator\Desktop\final project-robot ic\vla_robot_grasping\outputs\torch_act_cvae\torch_act_cvae_state_chunk_20260720_084842.pt"" --task place_blue_cube_blue_pad --complexity medium --seed 0 --episodes 1 --steps 2840 --viewer --duration 60 --speed 0.05 --action-alpha 0.25 --max-arm-delta 0.012 --max-gripper-delta 0.0005 --replan-interval 4 --temporal-ensemble --ensemble-decay 0.1 --stop-on-unsafe --log-every 500","& ""C:\Users\Administrator\Desktop\final project-robot ic\vla_robot_grasping\.venv\Scripts\python.exe"" ""C:\Users\Administrator\Desktop\final project-robot ic\vla_robot_grasping\scripts\run_torch_act_cvae_policy.py"" --model ""C:\Users\Administrator\Desktop\final project-robot ic\vla_robot_grasping\outputs\torch_act_cvae\torch_act_cvae_state_chunk_20260720_084842.pt"" --task move_leftmost_to_bowl --complexity language --seed 200 --episodes 1 --steps 2840 --viewer --duration 60 --speed 0.05 --action-alpha 0.25 --max-arm-delta 0.012 --max-gripper-delta 0.0005 --replan-interval 4 --temporal-ensemble --ensemble-decay 0.1 --stop-on-unsafe --log-every 500","& ""C:\Users\Administrator\Desktop\final project-robot ic\vla_robot_grasping\.venv\Scripts\python.exe"" ""C:\Users\Administrator\Desktop\final project-robot ic\vla_robot_grasping\scripts\train_torch_act_cvae.py"" --run-dir ""C:\Users\Administrator\Desktop\final project-robot ic\vla_robot_grasping\data\demos\place_blue_cube_blue_pad_medium_20260702_051752"" --horizon 8 --history 8 --sample-stride 16 --d-model 64 --nhead 4 --encoder-layers 2 --decoder-layers 2 --dim-feedforward 128 --latent-dim 16 --kl-weight 0.01 --epochs 8 --batch-size 256 --lr 0.0003 --gripper-loss-weight 4 --model-prefix torch_act_cvae_state_chunk"
visual_feature_act_lite_v1,Visual-Feature ACT-lite,visual_feature_act_baseline,RGB pooled feature + 语言 token + 本体状态,视觉特征 Transformer ACT-lite 动作块,outputs/visual_feature_act/visual_feature_act_lite_20260720_091256.pt,0/5,0/5,0/5,0.31351732692251144,186247,0.743,307.56765961647034,0,outputs/videos/visual_feature_act_lite_v1_seed0.mp4,success=False,0.0893,False,0.0249,使用 MuJoCo 离线重渲染 RGB pooled features、语言 token 和本体状态训练 Transformer ACT 动作块；不是完整 CNN 视觉 ACT，闭环仍未稳定抬升。,pooled RGB 特征不能写成端到端视觉 ACT。,"& ""C:\Users\Administrator\Desktop\final project-robot ic\vla_robot_grasping\.venv\Scripts\python.exe"" ""C:\Users\Administrator\Desktop\final project-robot ic\vla_robot_grasping\scripts\run_visual_feature_act_policy.py"" --model ""C:\Users\Administrator\Desktop\final project-robot ic\vla_robot_grasping\outputs\visual_feature_act\visual_feature_act_lite_20260720_091256.pt"" --task place_blue_cube_blue_pad --complexity medium --seed 0 --episodes 1 --steps 2840 --viewer --duration 60 --speed 0.05 --action-alpha 0.25 --max-arm-delta 0.012 --max-gripper-delta 0.0005 --replan-interval 4 --temporal-ensemble --ensemble-decay 0.1 --stop-on-unsafe --log-every 500","& ""C:\Users\Administrator\Desktop\final project-robot ic\vla_robot_grasping\.venv\Scripts\python.exe"" ""C:\Users\Administrator\Desktop\final project-robot ic\vla_robot_grasping\scripts\run_visual_feature_act_policy.py"" --model ""C:\Users\Administrator\Desktop\final project-robot ic\vla_robot_grasping\outputs\visual_feature_act\visual_feature_act_lite_20260720_091256.pt"" --task move_leftmost_to_bowl --complexity language --seed 200 --episodes 1 --steps 2840 --viewer --duration 60 --speed 0.05 --action-alpha 0.25 --max-arm-delta 0.012 --max-gripper-delta 0.0005 --replan-interval 4 --temporal-ensemble --ensemble-decay 0.1 --stop-on-unsafe --log-every 500","& ""C:\Users\Administrator\Desktop\final project-robot ic\vla_robot_grasping\.venv\Scripts\python.exe"" ""C:\Users\Administrator\Desktop\final project-robot ic\vla_robot_grasping\scripts\train_visual_feature_act.py"" --run-dir ""C:\Users\Administrator\Desktop\final project-robot ic\vla_robot_grasping\data\demos\place_blue_cube_blue_pad_medium_20260702_051752"" --horizon 8 --history 4 --sample-stride 32 --max-train-chunks 5000 --max-val-chunks 1200 --image-size 64 --grid-size 8 --d-model 64 --nhead 4 --encoder-layers 2 --decoder-layers 2 --dim-feedforward 128 --epochs 6 --batch-size 256 --lr 0.0003 --gripper-loss-weight 4 --model-prefix visual_feature_act_lite"
visual_act_cnn_cvae_v1,Visual ACT-CNN-CVAE-lite,visual_act_cnn_cvae_baseline,RGB 小 CNN + 语言 token + 本体状态,CNN 视觉 ACT-CVAE-lite 动作块,outputs/visual_act_cnn_cvae/visual_act_cnn_cvae_20260720_115104.pt,0/5,0/5,未登记,未登记,219335,0.873,17.118782899997314,110.6494140625,outputs/videos/visual_act_cnn_cvae_v1_seed0.mp4,success=False,0.0893,False,0.0249,使用小型 CNN 编码 MuJoCo RGB、拼接语言 token 和本体状态，再训练 Transformer ACT-CVAE 动作块；比 pooled RGB 代理更接近视觉 ACT，但仍不是官方完整 ACT，闭环仍未稳定抬升。,小型 CNN 视觉链路不能写成官方完整 ACT 或真实机器人视觉 ACT。,"$env:VLA_TORCH_PACKAGE_DIR=""D:\vla_torch_cuda_pkgs""
& ""C:\Users\Administrator\Desktop\final project-robot ic\vla_robot_grasping\.venv\Scripts\python.exe"" ""C:\Users\Administrator\Desktop\final project-robot ic\vla_robot_grasping\scripts\run_visual_act_cnn_cvae_policy.py"" --model ""C:\Users\Administrator\Desktop\final project-robot ic\vla_robot_grasping\outputs\visual_act_cnn_cvae\visual_act_cnn_cvae_20260720_115104.pt"" --task place_blue_cube_blue_pad --complexity medium --seed 0 --episodes 1 --steps 2840 --viewer --duration 60 --speed 0.05 --action-alpha 0.25 --max-arm-delta 0.012 --max-gripper-delta 0.0005 --replan-interval 4 --temporal-ensemble --ensemble-decay 0.1 --stop-on-unsafe --log-every 500","$env:VLA_TORCH_PACKAGE_DIR=""D:\vla_torch_cuda_pkgs""
& ""C:\Users\Administrator\Desktop\final project-robot ic\vla_robot_grasping\.venv\Scripts\python.exe"" ""C:\Users\Administrator\Desktop\final project-robot ic\vla_robot_grasping\scripts\run_visual_act_cnn_cvae_policy.py"" --model ""C:\Users\Administrator\Desktop\final project-robot ic\vla_robot_grasping\outputs\visual_act_cnn_cvae\visual_act_cnn_cvae_20260720_115104.pt"" --task move_leftmost_to_bowl --complexity language --seed 200 --episodes 1 --steps 2840 --viewer --duration 60 --speed 0.05 --action-alpha 0.25 --max-arm-delta 0.012 --max-gripper-delta 0.0005 --replan-interval 4 --temporal-ensemble --ensemble-decay 0.1 --stop-on-unsafe --log-every 500","$env:VLA_TORCH_PACKAGE_DIR=""D:\vla_torch_cuda_pkgs""
& ""C:\Users\Administrator\Desktop\final project-robot ic\vla_robot_grasping\.venv\Scripts\python.exe"" ""C:\Users\Administrator\Desktop\final project-robot ic\vla_robot_grasping\scripts\train_visual_act_cnn_cvae.py"" --run-dir ""C:\Users\Administrator\Desktop\final project-robot ic\vla_robot_grasping\data\demos\place_blue_cube_blue_pad_medium_20260702_051752"" --horizon 8 --history 4 --sample-stride 64 --max-train-chunks 1600 --max-val-chunks 400 --image-size 48 --d-model 64 --nhead 4 --encoder-layers 2 --decoder-layers 2 --dim-feedforward 128 --latent-dim 16 --kl-weight 0.01 --epochs 4 --batch-size 128 --lr 0.0003 --gripper-loss-weight 4 --model-prefix visual_act_cnn_cvae"
