版本,阶段,方法,结构定位,artifact,主任务训练范围,主任务留出范围,语言/空间泛化,可训练参数,模型大小MB,feature_dim,history,horizon,训练时间秒,峰值显存MB,主任务视频,语言视频,失败模式,论文结论,论文红线,主任务viewer命令,语言viewer命令,训练命令
act_lite_chunk_bc_v1,trajectory_conditioned_baseline,Action-Chunk BC / ACT-lite,轻量 MLP action-chunk / ACT-lite,outputs/chunk_bc/chunk_bc_20260702_072710.npz,0/5,0/5,0/5,117304,0.421,144,,8,,,outputs/videos/act_lite_chunk_bc_v1_seed0.mp4,,未形成有效抓取/未抬升 x1,短动作块回归不能稳定完成闭环抓取，适合作为普通 action-chunk baseline。,短动作块仍不足，需要完整 ACT 或 Diffusion Policy。,"& ""C:\Users\Administrator\Desktop\final project-robot ic\vla_robot_grasping\.venv\Scripts\python.exe"" ""C:\Users\Administrator\Desktop\final project-robot ic\vla_robot_grasping\scripts\run_chunk_policy.py"" --model ""C:\Users\Administrator\Desktop\final project-robot ic\vla_robot_grasping\outputs\chunk_bc\chunk_bc_20260702_072710.npz"" --task place_blue_cube_blue_pad --complexity medium --seed 0 --episodes 1 --steps 2840 --viewer --duration 60 --speed 0.05 --action-alpha 0.25 --max-arm-delta 0.012 --max-gripper-delta 0.0005 --replan-interval 1 --temporal-ensemble --ensemble-decay 0.1 --stop-on-unsafe --log-every 500","& ""C:\Users\Administrator\Desktop\final project-robot ic\vla_robot_grasping\.venv\Scripts\python.exe"" ""C:\Users\Administrator\Desktop\final project-robot ic\vla_robot_grasping\scripts\run_chunk_policy.py"" --model ""C:\Users\Administrator\Desktop\final project-robot ic\vla_robot_grasping\outputs\chunk_bc\chunk_bc_20260702_072710.npz"" --task move_leftmost_to_bowl --complexity language --seed 200 --episodes 1 --steps 2840 --viewer --duration 60 --speed 0.05 --action-alpha 0.25 --max-arm-delta 0.012 --max-gripper-delta 0.0005 --replan-interval 1 --temporal-ensemble --ensemble-decay 0.1 --stop-on-unsafe --log-every 500","& ""C:\Users\Administrator\Desktop\final project-robot ic\vla_robot_grasping\.venv\Scripts\python.exe"" ""C:\Users\Administrator\Desktop\final project-robot ic\vla_robot_grasping\scripts\train_chunk_bc.py"" --run-dir ""C:\Users\Administrator\Desktop\final project-robot ic\vla_robot_grasping\data\demos\place_blue_cube_blue_pad_medium_20260702_051752"" --horizon 8 --history 1 --sample-stride 8 --model-prefix chunk_bc"
diffusion_policy_lite_v1,diffusion_policy_baseline,Diffusion Policy-lite,NumPy DDPM 风格动作块扩散 baseline,outputs/diffusion_policy/diffusion_policy_lite_20260720_042215.npz,0/5,0/5,0/5,132408,0.476,144,,8,,,outputs/videos/diffusion_policy_lite_v1_seed0.mp4,,未形成有效抓取/未抬升 x1,NumPy-lite 扩散动作块仍无法解决接触与抬升，不能代表完整 Diffusion Policy。,NumPy DDPM 风格动作块 baseline，不是完整官方 PyTorch Diffusion Policy。,"& ""C:\Users\Administrator\Desktop\final project-robot ic\vla_robot_grasping\.venv\Scripts\python.exe"" ""C:\Users\Administrator\Desktop\final project-robot ic\vla_robot_grasping\scripts\run_diffusion_policy.py"" --model ""C:\Users\Administrator\Desktop\final project-robot ic\vla_robot_grasping\outputs\diffusion_policy\diffusion_policy_lite_20260720_042215.npz"" --task place_blue_cube_blue_pad --complexity medium --seed 0 --episodes 1 --steps 2840 --viewer --duration 60 --speed 0.05 --deterministic --action-alpha 0.8 --max-arm-delta 0.03 --max-gripper-delta 0.001 --replan-interval 1 --temporal-ensemble --ensemble-decay 0.1 --stop-on-unsafe --log-every 500","& ""C:\Users\Administrator\Desktop\final project-robot ic\vla_robot_grasping\.venv\Scripts\python.exe"" ""C:\Users\Administrator\Desktop\final project-robot ic\vla_robot_grasping\scripts\run_diffusion_policy.py"" --model ""C:\Users\Administrator\Desktop\final project-robot ic\vla_robot_grasping\outputs\diffusion_policy\diffusion_policy_lite_20260720_042215.npz"" --task move_leftmost_to_bowl --complexity language --seed 200 --episodes 1 --steps 2840 --viewer --duration 60 --speed 0.05 --deterministic --action-alpha 0.8 --max-arm-delta 0.03 --max-gripper-delta 0.001 --replan-interval 1 --temporal-ensemble --ensemble-decay 0.1 --stop-on-unsafe --log-every 500","& ""C:\Users\Administrator\Desktop\final project-robot ic\vla_robot_grasping\.venv\Scripts\python.exe"" ""C:\Users\Administrator\Desktop\final project-robot ic\vla_robot_grasping\scripts\train_diffusion_policy.py"" --run-dir ""C:\Users\Administrator\Desktop\final project-robot ic\vla_robot_grasping\data\demos\place_blue_cube_blue_pad_medium_20260702_051752"" --horizon 8 --sample-stride 8 --diffusion-steps 16 --epochs 12 --batch-size 512"
torch_diffusion_policy_state_chunk_v1,torch_diffusion_policy_baseline,PyTorch State Diffusion Policy,PyTorch state-only 条件扩散动作块,outputs/torch_diffusion_policy/torch_diffusion_policy_state_chunk_20260720_101928.pt,0/5,0/5,0/5,183111,0.732,144,8,8,10.262407499998517,72.12744140625,outputs/videos/torch_diffusion_policy_state_chunk_v1_seed0.mp4,outputs/videos/torch_diffusion_policy_state_chunk_v1_language_seed200.mp4,未形成有效抓取/未抬升 x1；语言/空间泛化失败 x1,升级到 PyTorch state-only 条件扩散后闭环仍失败，说明缺少视觉/任务结构时扩散建模不足。,PyTorch state-only conditional diffusion action-chunk baseline，使用 8 帧历史状态、8 步动作块、16 步 DDPM 训练和 4 步 DDIM 快速采样；不是完整视觉 Diffusion Policy。,"$env:VLA_TORCH_PACKAGE_DIR=""D:\vla_torch_cuda_pkgs""
& ""C:\Users\Administrator\Desktop\final project-robot ic\vla_robot_grasping\.venv\Scripts\python.exe"" ""C:\Users\Administrator\Desktop\final project-robot ic\vla_robot_grasping\scripts\run_torch_diffusion_policy.py"" --model ""C:\Users\Administrator\Desktop\final project-robot ic\vla_robot_grasping\outputs\torch_diffusion_policy\torch_diffusion_policy_state_chunk_20260720_101928.pt"" --task place_blue_cube_blue_pad --complexity medium --seed 0 --episodes 1 --steps 2840 --viewer --duration 60 --speed 0.05 --sample-steps 4 --action-alpha 0.25 --max-arm-delta 0.012 --max-gripper-delta 0.0005 --replan-interval 8 --temporal-ensemble --ensemble-decay 0.1 --deterministic --stop-on-unsafe --log-every 500","$env:VLA_TORCH_PACKAGE_DIR=""D:\vla_torch_cuda_pkgs""
& ""C:\Users\Administrator\Desktop\final project-robot ic\vla_robot_grasping\.venv\Scripts\python.exe"" ""C:\Users\Administrator\Desktop\final project-robot ic\vla_robot_grasping\scripts\run_torch_diffusion_policy.py"" --model ""C:\Users\Administrator\Desktop\final project-robot ic\vla_robot_grasping\outputs\torch_diffusion_policy\torch_diffusion_policy_state_chunk_20260720_101928.pt"" --task move_leftmost_to_bowl --complexity language --seed 200 --episodes 1 --steps 2840 --viewer --duration 60 --speed 0.05 --sample-steps 4 --action-alpha 0.25 --max-arm-delta 0.012 --max-gripper-delta 0.0005 --replan-interval 8 --temporal-ensemble --ensemble-decay 0.1 --deterministic --stop-on-unsafe --log-every 500","$env:VLA_TORCH_PACKAGE_DIR=""D:\vla_torch_cuda_pkgs""
& ""C:\Users\Administrator\Desktop\final project-robot ic\vla_robot_grasping\.venv\Scripts\python.exe"" ""C:\Users\Administrator\Desktop\final project-robot ic\vla_robot_grasping\scripts\train_torch_diffusion_policy.py"" --run-dir ""C:\Users\Administrator\Desktop\final project-robot ic\vla_robot_grasping\data\demos\place_blue_cube_blue_pad_medium_20260702_051752"" --horizon 8 --history 8 --sample-stride 16 --diffusion-steps 16 --d-model 64 --nhead 4 --encoder-layers 2 --decoder-layers 2 --dim-feedforward 128 --epochs 6 --batch-size 256 --lr 0.0003 --gripper-loss-weight 4 --model-prefix torch_diffusion_policy_state_chunk"
trajectory_conditioned_chunk_bc_v2,trajectory_conditioned_baseline,Trajectory-Conditioned Action-Chunk BC / ACT-lite v2,8 帧历史状态条件 + 8 步动作块,outputs/chunk_bc/trajectory_chunk_bc_20260720_043500.npz,0/5,0/5,0/5,375352,1.350,1152,8,8,,,outputs/videos/trajectory_conditioned_chunk_bc_v2_seed0.mp4,,未形成有效抓取/未抬升 x1,加入历史轨迹让动作更平滑，但仍主要失败在接触、夹紧和抬升阶段。,输入最近 8 帧观测历史并输出 8 步动作块；动作更平滑，但仍未形成稳定夹取。,"& ""C:\Users\Administrator\Desktop\final project-robot ic\vla_robot_grasping\.venv\Scripts\python.exe"" ""C:\Users\Administrator\Desktop\final project-robot ic\vla_robot_grasping\scripts\run_chunk_policy.py"" --model ""C:\Users\Administrator\Desktop\final project-robot ic\vla_robot_grasping\outputs\chunk_bc\trajectory_chunk_bc_20260720_043500.npz"" --task place_blue_cube_blue_pad --complexity medium --seed 0 --episodes 1 --steps 2840 --viewer --duration 60 --speed 0.05 --action-alpha 0.25 --max-arm-delta 0.012 --max-gripper-delta 0.0005 --replan-interval 1 --temporal-ensemble --ensemble-decay 0.1 --stop-on-unsafe --log-every 500","& ""C:\Users\Administrator\Desktop\final project-robot ic\vla_robot_grasping\.venv\Scripts\python.exe"" ""C:\Users\Administrator\Desktop\final project-robot ic\vla_robot_grasping\scripts\run_chunk_policy.py"" --model ""C:\Users\Administrator\Desktop\final project-robot ic\vla_robot_grasping\outputs\chunk_bc\trajectory_chunk_bc_20260720_043500.npz"" --task move_leftmost_to_bowl --complexity language --seed 200 --episodes 1 --steps 2840 --viewer --duration 60 --speed 0.05 --action-alpha 0.25 --max-arm-delta 0.012 --max-gripper-delta 0.0005 --replan-interval 1 --temporal-ensemble --ensemble-decay 0.1 --stop-on-unsafe --log-every 500","& ""C:\Users\Administrator\Desktop\final project-robot ic\vla_robot_grasping\.venv\Scripts\python.exe"" ""C:\Users\Administrator\Desktop\final project-robot ic\vla_robot_grasping\scripts\train_chunk_bc.py"" --run-dir ""C:\Users\Administrator\Desktop\final project-robot ic\vla_robot_grasping\data\demos\place_blue_cube_blue_pad_medium_20260702_051752"" --horizon 8 --history 8 --sample-stride 16 --model-prefix trajectory_chunk_bc --no-augment-relative"
trajectory_knn_chunk_bc_v1,trajectory_memory_baseline,Trajectory-kNN Action-Chunk BC,8 帧历史状态检索 + kNN 动作块记忆,outputs/trajectory_knn_bc/trajectory_knn_chunk_bc_20260720_053423.npz,5/5,0/5,0/5,0,32.923,1152,8,8,,,outputs/videos/trajectory_knn_chunk_bc_v1_seed0.mp4,,成功样例 x1,训练范围成功率高，但留出和语言任务失败，说明它更像轨迹记忆而不是泛化策略。,使用最近 8 帧观测历史检索示范动作块；训练范围可成功，但留出范围失败，说明仍是轨迹记忆型 baseline。,"& ""C:\Users\Administrator\Desktop\final project-robot ic\vla_robot_grasping\.venv\Scripts\python.exe"" ""C:\Users\Administrator\Desktop\final project-robot ic\vla_robot_grasping\scripts\run_trajectory_knn_policy.py"" --model ""C:\Users\Administrator\Desktop\final project-robot ic\vla_robot_grasping\outputs\trajectory_knn_bc\trajectory_knn_chunk_bc_20260720_053423.npz"" --task place_blue_cube_blue_pad --complexity medium --seed 0 --episodes 1 --steps 2840 --viewer --duration 60 --speed 0.05 --k 3 --phase-window 0.03 --min-candidates 256 --history-decay 0.25 --action-alpha 0.25 --max-arm-delta 0.012 --max-gripper-delta 0.0005 --replan-interval 1 --temporal-ensemble --ensemble-decay 0.1 --stop-on-unsafe --log-every 500","& ""C:\Users\Administrator\Desktop\final project-robot ic\vla_robot_grasping\.venv\Scripts\python.exe"" ""C:\Users\Administrator\Desktop\final project-robot ic\vla_robot_grasping\scripts\run_trajectory_knn_policy.py"" --model ""C:\Users\Administrator\Desktop\final project-robot ic\vla_robot_grasping\outputs\trajectory_knn_bc\trajectory_knn_chunk_bc_20260720_053423.npz"" --task move_leftmost_to_bowl --complexity language --seed 200 --episodes 1 --steps 2840 --viewer --duration 60 --speed 0.05 --k 3 --phase-window 0.03 --min-candidates 256 --history-decay 0.25 --action-alpha 0.25 --max-arm-delta 0.012 --max-gripper-delta 0.0005 --replan-interval 1 --temporal-ensemble --ensemble-decay 0.1 --stop-on-unsafe --log-every 500","& ""C:\Users\Administrator\Desktop\final project-robot ic\vla_robot_grasping\.venv\Scripts\python.exe"" ""C:\Users\Administrator\Desktop\final project-robot ic\vla_robot_grasping\scripts\train_trajectory_knn_bc.py"" --run-dir ""C:\Users\Administrator\Desktop\final project-robot ic\vla_robot_grasping\data\demos\place_blue_cube_blue_pad_medium_20260702_051752"" --horizon 8 --history 8 --sample-stride 16 --no-augment-relative"
torch_act_state_chunk_v1,torch_act_baseline,PyTorch State Transformer ACT,state-only Transformer encoder/decoder ACT-style,outputs/torch_act/torch_act_state_chunk_20260720_055409.pt,1/5,0/5,0/5,178183,0.708,144,8,8,38.46301059999678,0,outputs/videos/torch_act_state_chunk_v1_seed0.mp4,,成功样例 x1,state-only Transformer ACT-style 有个别训练范围成功，但总体仍不稳定。,PyTorch Transformer encoder/decoder 动作块模型，输入 8 帧状态历史并输出 8 步动作块；训练范围 seed0 成功，但总体仍不稳定。,"& ""C:\Users\Administrator\Desktop\final project-robot ic\vla_robot_grasping\.venv\Scripts\python.exe"" ""C:\Users\Administrator\Desktop\final project-robot ic\vla_robot_grasping\scripts\run_torch_act_policy.py"" --model ""C:\Users\Administrator\Desktop\final project-robot ic\vla_robot_grasping\outputs\torch_act\torch_act_state_chunk_20260720_055409.pt"" --task place_blue_cube_blue_pad --complexity medium --seed 0 --episodes 1 --steps 2840 --viewer --duration 60 --speed 0.05 --action-alpha 0.25 --max-arm-delta 0.012 --max-gripper-delta 0.0005 --replan-interval 4 --temporal-ensemble --ensemble-decay 0.1 --stop-on-unsafe --log-every 500","& ""C:\Users\Administrator\Desktop\final project-robot ic\vla_robot_grasping\.venv\Scripts\python.exe"" ""C:\Users\Administrator\Desktop\final project-robot ic\vla_robot_grasping\scripts\run_torch_act_policy.py"" --model ""C:\Users\Administrator\Desktop\final project-robot ic\vla_robot_grasping\outputs\torch_act\torch_act_state_chunk_20260720_055409.pt"" --task move_leftmost_to_bowl --complexity language --seed 200 --episodes 1 --steps 2840 --viewer --duration 60 --speed 0.05 --action-alpha 0.25 --max-arm-delta 0.012 --max-gripper-delta 0.0005 --replan-interval 4 --temporal-ensemble --ensemble-decay 0.1 --stop-on-unsafe --log-every 500","& ""C:\Users\Administrator\Desktop\final project-robot ic\vla_robot_grasping\.venv\Scripts\python.exe"" ""C:\Users\Administrator\Desktop\final project-robot ic\vla_robot_grasping\scripts\train_torch_act.py"" --run-dir ""C:\Users\Administrator\Desktop\final project-robot ic\vla_robot_grasping\data\demos\place_blue_cube_blue_pad_medium_20260702_051752"" --horizon 8 --history 8 --sample-stride 16 --d-model 64 --nhead 4 --encoder-layers 2 --decoder-layers 2 --dim-feedforward 128 --epochs 6 --batch-size 256 --lr 0.0003 --gripper-loss-weight 4"
torch_act_state_chunk_cuda_v1,torch_act_baseline,PyTorch State Transformer ACT CUDA,同结构 CUDA 训练资源对照,outputs/torch_act/torch_act_state_chunk_cuda_20260720_095442.pt,0/5,1/5,0/5,178183,0.709,144,8,8,17.458892599999672,71.27001953125,outputs/videos/torch_act_state_chunk_cuda_v1_seed0.mp4,outputs/videos/torch_act_state_chunk_cuda_v1_language_seed200.mp4,未形成有效抓取/未抬升 x1；语言/空间泛化失败 x1,CUDA 训练改善的是运行资源记录，不代表策略效果提升。,同结构的 state-only PyTorch ACT 在 CUDA Torch 2.6.0+cu124 下训练；训练时间约 17.46s，峰值显存约 71.27MB。该版本用于资源/运行环境对照，不代表策略效果提升。,"$env:VLA_TORCH_PACKAGE_DIR=""D:\vla_torch_cuda_pkgs""
& ""C:\Users\Administrator\Desktop\final project-robot ic\vla_robot_grasping\.venv\Scripts\python.exe"" ""C:\Users\Administrator\Desktop\final project-robot ic\vla_robot_grasping\scripts\run_torch_act_policy.py"" --model ""C:\Users\Administrator\Desktop\final project-robot ic\vla_robot_grasping\outputs\torch_act\torch_act_state_chunk_cuda_20260720_095442.pt"" --task place_blue_cube_blue_pad --complexity medium --seed 0 --episodes 1 --steps 2840 --viewer --duration 60 --speed 0.05 --action-alpha 0.25 --max-arm-delta 0.012 --max-gripper-delta 0.0005 --replan-interval 4 --temporal-ensemble --ensemble-decay 0.1 --stop-on-unsafe --log-every 500","$env:VLA_TORCH_PACKAGE_DIR=""D:\vla_torch_cuda_pkgs""
& ""C:\Users\Administrator\Desktop\final project-robot ic\vla_robot_grasping\.venv\Scripts\python.exe"" ""C:\Users\Administrator\Desktop\final project-robot ic\vla_robot_grasping\scripts\run_torch_act_policy.py"" --model ""C:\Users\Administrator\Desktop\final project-robot ic\vla_robot_grasping\outputs\torch_act\torch_act_state_chunk_cuda_20260720_095442.pt"" --task move_leftmost_to_bowl --complexity language --seed 200 --episodes 1 --steps 2840 --viewer --duration 60 --speed 0.05 --action-alpha 0.25 --max-arm-delta 0.012 --max-gripper-delta 0.0005 --replan-interval 4 --temporal-ensemble --ensemble-decay 0.1 --stop-on-unsafe --log-every 500","$env:VLA_TORCH_PACKAGE_DIR=""D:\vla_torch_cuda_pkgs""
& ""C:\Users\Administrator\Desktop\final project-robot ic\vla_robot_grasping\.venv\Scripts\python.exe"" ""C:\Users\Administrator\Desktop\final project-robot ic\vla_robot_grasping\scripts\train_torch_act.py"" --run-dir ""C:\Users\Administrator\Desktop\final project-robot ic\vla_robot_grasping\data\demos\place_blue_cube_blue_pad_medium_20260702_051752"" --horizon 8 --history 8 --sample-stride 16 --d-model 64 --nhead 4 --encoder-layers 2 --decoder-layers 2 --dim-feedforward 128 --epochs 6 --batch-size 256 --lr 0.0003 --gripper-loss-weight 4 --model-prefix torch_act_state_chunk_cuda"
phase_conditioned_torch_act_v1,torch_act_baseline,Phase-Conditioned PyTorch State ACT,state-only Transformer ACT + 离散阶段 one-hot,outputs/torch_act/phase_conditioned_torch_act_20260720_132228.pt,0/5,0/5,未登记,178503,0.710,149,8,8,12.979319299993222,71.3134765625,outputs/videos/phase_conditioned_torch_act_v1_seed0.mp4,,未形成有效抓取/未抬升 x1,加入离散阶段 one-hot 后闭环仍失败，说明阶段条件本身不能解决接触、夹紧和抬升控制。,在 state-only PyTorch ACT 的 8 帧历史状态上追加 approach/grasp/lift/transfer/place-release 阶段 one-hot；离线误差正常但闭环仍失败，说明显式阶段条件本身不能解决接触、夹紧和抬升。,"$env:VLA_TORCH_PACKAGE_DIR=""D:\vla_torch_cuda_pkgs""
& ""C:\Users\Administrator\Desktop\final project-robot ic\vla_robot_grasping\.venv\Scripts\python.exe"" ""C:\Users\Administrator\Desktop\final project-robot ic\vla_robot_grasping\scripts\run_torch_act_policy.py"" --model ""C:\Users\Administrator\Desktop\final project-robot ic\vla_robot_grasping\outputs\torch_act\phase_conditioned_torch_act_20260720_132228.pt"" --task place_blue_cube_blue_pad --complexity medium --seed 0 --episodes 1 --steps 2840 --viewer --duration 60 --speed 0.05 --action-alpha 0.25 --max-arm-delta 0.012 --max-gripper-delta 0.0005 --replan-interval 4 --temporal-ensemble --ensemble-decay 0.1 --stop-on-unsafe --log-every 500",,"$env:VLA_TORCH_PACKAGE_DIR=""D:\vla_torch_cuda_pkgs""
& ""C:\Users\Administrator\Desktop\final project-robot ic\vla_robot_grasping\.venv\Scripts\python.exe"" ""C:\Users\Administrator\Desktop\final project-robot ic\vla_robot_grasping\scripts\train_torch_act.py"" --run-dir ""C:\Users\Administrator\Desktop\final project-robot ic\vla_robot_grasping\data\demos\place_blue_cube_blue_pad_medium_20260702_051752"" --horizon 8 --history 8 --sample-stride 16 --d-model 64 --nhead 4 --encoder-layers 2 --decoder-layers 2 --dim-feedforward 128 --epochs 6 --batch-size 256 --lr 0.0003 --gripper-loss-weight 4 --phase-one-hot --model-prefix phase_conditioned_torch_act"
torch_act_cvae_state_chunk_v1,torch_act_cvae_baseline,PyTorch State ACT-CVAE-lite,state-only Transformer ACT + CVAE latent,outputs/torch_act_cvae/torch_act_cvae_state_chunk_20260720_084842.pt,0/5,0/5,0/5,198375,0.789,144,8,8,37.49063409999508,0,outputs/videos/torch_act_cvae_state_chunk_v1_seed0.mp4,outputs/videos/torch_act_cvae_state_chunk_v1_language_seed200.mp4,未形成有效抓取/未抬升 x1；语言/空间泛化失败 x1,CVAE latent 降低离线重构误差，但没有转化为稳定闭环成功。,State-only Transformer ACT 加入 CVAE latent；离线 zero-latent 误差下降，但闭环仍没有稳定抬升，说明更接近正式 ACT 的结构仍不足。,"& ""C:\Users\Administrator\Desktop\final project-robot ic\vla_robot_grasping\.venv\Scripts\python.exe"" ""C:\Users\Administrator\Desktop\final project-robot ic\vla_robot_grasping\scripts\run_torch_act_cvae_policy.py"" --model ""C:\Users\Administrator\Desktop\final project-robot ic\vla_robot_grasping\outputs\torch_act_cvae\torch_act_cvae_state_chunk_20260720_084842.pt"" --task place_blue_cube_blue_pad --complexity medium --seed 0 --episodes 1 --steps 2840 --viewer --duration 60 --speed 0.05 --action-alpha 0.25 --max-arm-delta 0.012 --max-gripper-delta 0.0005 --replan-interval 4 --temporal-ensemble --ensemble-decay 0.1 --stop-on-unsafe --log-every 500","& ""C:\Users\Administrator\Desktop\final project-robot ic\vla_robot_grasping\.venv\Scripts\python.exe"" ""C:\Users\Administrator\Desktop\final project-robot ic\vla_robot_grasping\scripts\run_torch_act_cvae_policy.py"" --model ""C:\Users\Administrator\Desktop\final project-robot ic\vla_robot_grasping\outputs\torch_act_cvae\torch_act_cvae_state_chunk_20260720_084842.pt"" --task move_leftmost_to_bowl --complexity language --seed 200 --episodes 1 --steps 2840 --viewer --duration 60 --speed 0.05 --action-alpha 0.25 --max-arm-delta 0.012 --max-gripper-delta 0.0005 --replan-interval 4 --temporal-ensemble --ensemble-decay 0.1 --stop-on-unsafe --log-every 500","& ""C:\Users\Administrator\Desktop\final project-robot ic\vla_robot_grasping\.venv\Scripts\python.exe"" ""C:\Users\Administrator\Desktop\final project-robot ic\vla_robot_grasping\scripts\train_torch_act_cvae.py"" --run-dir ""C:\Users\Administrator\Desktop\final project-robot ic\vla_robot_grasping\data\demos\place_blue_cube_blue_pad_medium_20260702_051752"" --horizon 8 --history 8 --sample-stride 16 --d-model 64 --nhead 4 --encoder-layers 2 --decoder-layers 2 --dim-feedforward 128 --latent-dim 16 --kl-weight 0.01 --epochs 8 --batch-size 256 --lr 0.0003 --gripper-loss-weight 4 --model-prefix torch_act_cvae_state_chunk"
visual_feature_act_lite_v1,visual_feature_act_baseline,Visual-Feature ACT-lite,MuJoCo RGB pooled features + 语言 token + 本体状态,outputs/visual_feature_act/visual_feature_act_lite_20260720_091256.pt,0/5,0/5,0/5,186247,0.743,274,4,8,307.56765961647034,0,outputs/videos/visual_feature_act_lite_v1_seed0.mp4,outputs/videos/visual_feature_act_lite_v1_language_seed200.mp4,未形成有效抓取/未抬升 x1；语言/空间泛化失败 x1,pooled RGB 视觉代理不等价于完整 CNN/Transformer 视觉 ACT。,使用 MuJoCo 离线重渲染 RGB pooled features、语言 token 和本体状态训练 Transformer ACT 动作块；不是完整 CNN 视觉 ACT，闭环仍未稳定抬升。,"& ""C:\Users\Administrator\Desktop\final project-robot ic\vla_robot_grasping\.venv\Scripts\python.exe"" ""C:\Users\Administrator\Desktop\final project-robot ic\vla_robot_grasping\scripts\run_visual_feature_act_policy.py"" --model ""C:\Users\Administrator\Desktop\final project-robot ic\vla_robot_grasping\outputs\visual_feature_act\visual_feature_act_lite_20260720_091256.pt"" --task place_blue_cube_blue_pad --complexity medium --seed 0 --episodes 1 --steps 2840 --viewer --duration 60 --speed 0.05 --action-alpha 0.25 --max-arm-delta 0.012 --max-gripper-delta 0.0005 --replan-interval 4 --temporal-ensemble --ensemble-decay 0.1 --stop-on-unsafe --log-every 500","& ""C:\Users\Administrator\Desktop\final project-robot ic\vla_robot_grasping\.venv\Scripts\python.exe"" ""C:\Users\Administrator\Desktop\final project-robot ic\vla_robot_grasping\scripts\run_visual_feature_act_policy.py"" --model ""C:\Users\Administrator\Desktop\final project-robot ic\vla_robot_grasping\outputs\visual_feature_act\visual_feature_act_lite_20260720_091256.pt"" --task move_leftmost_to_bowl --complexity language --seed 200 --episodes 1 --steps 2840 --viewer --duration 60 --speed 0.05 --action-alpha 0.25 --max-arm-delta 0.012 --max-gripper-delta 0.0005 --replan-interval 4 --temporal-ensemble --ensemble-decay 0.1 --stop-on-unsafe --log-every 500","& ""C:\Users\Administrator\Desktop\final project-robot ic\vla_robot_grasping\.venv\Scripts\python.exe"" ""C:\Users\Administrator\Desktop\final project-robot ic\vla_robot_grasping\scripts\train_visual_feature_act.py"" --run-dir ""C:\Users\Administrator\Desktop\final project-robot ic\vla_robot_grasping\data\demos\place_blue_cube_blue_pad_medium_20260702_051752"" --horizon 8 --history 4 --sample-stride 32 --max-train-chunks 5000 --max-val-chunks 1200 --image-size 64 --grid-size 8 --d-model 64 --nhead 4 --encoder-layers 2 --decoder-layers 2 --dim-feedforward 128 --epochs 6 --batch-size 256 --lr 0.0003 --gripper-loss-weight 4 --model-prefix visual_feature_act_lite"
visual_act_cnn_cvae_v1,visual_act_cnn_cvae_baseline,Visual ACT-CNN-CVAE-lite,小型 CNN RGB encoder + ACT-CVAE 动作块,outputs/visual_act_cnn_cvae/visual_act_cnn_cvae_20260720_115104.pt,0/5,0/5,未登记,219335,0.873,110,4,8,17.118782899997314,110.6494140625,outputs/videos/visual_act_cnn_cvae_v1_seed0.mp4,,未形成有效抓取/未抬升 x1,小型 CNN + ACT-CVAE 更接近视觉 ACT 形态，但当前数据规模下仍不能稳定抬升。,使用小型 CNN 编码 MuJoCo RGB、拼接语言 token 和本体状态，再训练 Transformer ACT-CVAE 动作块；比 pooled RGB 代理更接近视觉 ACT，但仍不是官方完整 ACT，闭环仍未稳定抬升。,"$env:VLA_TORCH_PACKAGE_DIR=""D:\vla_torch_cuda_pkgs""
& ""C:\Users\Administrator\Desktop\final project-robot ic\vla_robot_grasping\.venv\Scripts\python.exe"" ""C:\Users\Administrator\Desktop\final project-robot ic\vla_robot_grasping\scripts\run_visual_act_cnn_cvae_policy.py"" --model ""C:\Users\Administrator\Desktop\final project-robot ic\vla_robot_grasping\outputs\visual_act_cnn_cvae\visual_act_cnn_cvae_20260720_115104.pt"" --task place_blue_cube_blue_pad --complexity medium --seed 0 --episodes 1 --steps 2840 --viewer --duration 60 --speed 0.05 --action-alpha 0.25 --max-arm-delta 0.012 --max-gripper-delta 0.0005 --replan-interval 4 --temporal-ensemble --ensemble-decay 0.1 --stop-on-unsafe --log-every 500",,"$env:VLA_TORCH_PACKAGE_DIR=""D:\vla_torch_cuda_pkgs""
& ""C:\Users\Administrator\Desktop\final project-robot ic\vla_robot_grasping\.venv\Scripts\python.exe"" ""C:\Users\Administrator\Desktop\final project-robot ic\vla_robot_grasping\scripts\train_visual_act_cnn_cvae.py"" --run-dir ""C:\Users\Administrator\Desktop\final project-robot ic\vla_robot_grasping\data\demos\place_blue_cube_blue_pad_medium_20260702_051752"" --horizon 8 --history 4 --sample-stride 64 --max-train-chunks 1600 --max-val-chunks 400 --image-size 48 --d-model 64 --nhead 4 --encoder-layers 2 --decoder-layers 2 --dim-feedforward 128 --latent-dim 16 --kl-weight 0.01 --epochs 4 --batch-size 128 --lr 0.0003 --gripper-loss-weight 4 --model-prefix visual_act_cnn_cvae"
